DFT,1
ETW,1
TWI,1
UCK,1
XDB,1
TZS,1
ZSC,1
DHP,1
NGY,1
GOP,1
UMZ,1
MZI,1
MGE,1
XOF,1
FBA,1
TYD,1
YDP,1
TTY,1
LTY,1
TRZ,1
RZN,1
CLV,1
YCN,1
BSQ,1
MYF,1
GLQ,1
ECK,1
IIF,1
BTM,1
YCU,1
TGD,1
KCR,1
RKA,1
RKE,1
EWY,1
WYO,1
RKQ,1
KQU,1
RKS,1
KSE,1
EWQ,1
WQU,1
KCE,1
AJP,1
OYF,1
YFR,1
UFQ,1
TTG,1
ZOR,1
XPP,1
GNG,1
ICF,1
XAA,1
RUJ,1
CDF,1
ZAE,1
EVV,1
VVO,1
SNH,1
MOZ,1
OZA,1
HNB,1
TZT,1
GAP,1
IDY,1
OFM,1
FMD,1
LRC,1
KAS,1
XTM,1
LAW,1
AWI,1
WIL,1
DLC,1
LPD,1
MMC,1
ATZ,1
TZC,1
JFO,1
AAF,1
OYB,1
EPY,1
KIE,1
HBA,1
CEY,1
CMR,1
ZHI,1
CDR,1
AGQ,1
SIY,1
CYP,1
SLF,1
MPY,1
AGT,1
DCS,1
KAD,1
FFT,1
TBY,1
BYZ,1
YZA,1
TPC,1
PHB,1
HBU,1
RCJ,1
RNR,1
EFJ,1
FJL,1
ZEQ,1
CML,1
IFJ,1
TCM,1
RPC,1
BEV,1
ONW,1
NWE,1
NTW,1
TWE,1
HLJ,1
PAH,1
VSM,1
NLB,1
AMJ,1
PTY,1
MLG,1
POG,1
INX,1
NXE,1
YJE,1
AGY,1
FRJ,1
JJT,1
FTT,1
GRY,1
LHP,1
XIC,1
ZRT,1
EGH,1
GHI,1
HAY,1
DNL,1
ODP,1
MGI,1
ZCL,1
JCA,1
KAN,1
THJ,1
EDX,1
DXE,1
CAK,1
NQV,1
QVI,1
NQI,1
QIL,1
OAJ,1
XDS,1
MYL,1
EWO,1
WOL,1
JYL,1
YLO,1
MDM,1
OAI,1
KRA,1
TCB,1
XTL,1
XOO,1
GDN,1
EXL,1
GTV,1
DRQ,1
XPD,1
XVN,1
XKA,1
PCU,1
HTL,1
XLS,1
AVD,1
JUA,1
DNT,1
MSR,1
LNP,1
XUF,1
EKL,1
KLI,1
IYF,1
JPI,1
LJP,1
BMO,1
RSX,1
ETX,1
TXV,1
XVQ,1
GOV,1
MRT,1
DPS,1
RPG,1
PGE,1
NOZ,1
ZOG,1
LIY,1
ACK,1
CKC,1
KCO,1
OAG,1
MYM,1
AFD,1
EWI,1
LVQ,1
CPP,1
PCJ,1
CJP,1
EWU,1
WUR,1
PPD,1
FSJ,1
VPE,1
DMS,1
OMF,1
MFT,1
VLM,1
CRQ,1
PUZ,1
UZZ,1
ZZL,1
VDS,1
EGQ,1
LRY,1
LYI,1
GAA,1
XYA,1
IBS,1
KIC,1
NKL,1
RHY,1
DHG,1
HGE,1
SKO,1
KOR,1
LLH,1
OAC,1
PBR,1
UYL,1
UJT,1
JTI,1
LOV,1
EXN,1
NLD,1
HOO,1
ZBU,1
JBE,1
DJQ,1
JQU,1
GLG,1
VMO,1
PMD,1
VTT,1
VYI,1
YIG,1
VJE,1
LRD,1
RLN,1
HTM,1
HTP,1
AGV,1
XSV,1
OXY,1
XYS,1
PHU,1
DRR,1
DTB,1
UVF,1
YOV,1
HLI,1
EPJ,1
PJS,1
JST,1
NLN,1
VLL,1
CKT,1
KTE,1
ZDJ,1
JDM,1
YGR,1
EYQ,1
BYS,1
AVL,1
NZU,1
IZU,1
RNF,1
TZD,1
CDG,1
BOD,1
GRB,1
RVH,1
VHI,1
CYV,1
CYJ,1
CZM,1
TPQ,1
HMM,1
DOH,1
OHV,1
LDQ,1
LIJ,1
ODB,1
VUX,1
RBC,1
XIQ,1
CHG,1
HGI,1
RLR,1
MMT,1
SCD,1
THF,1
RBS,1
BSM,1
OTY,1
EPQ,1
UYT,1
UUT,1
ZEI,1
EVH,1
VHE,1
XVD,1
VDO,1
SWE,1
WEA,1
IVP,1
IPQ,1
SJH,1
JHS,1
RGV,1
BLF,1
VEY,1
MUB,1
JFL,1
NVS,1
XUR,1
GPD,1
QHO,1
UBQ,1
ZFL,1
ODM,1
YOB,1
JDG,1
MDJ,1
DJH,1
JHO,1
YCI,1
CDJ,1
OMU,1
YSQ,1
GNV,1
RMV,1
OYQ,1
MNS,1
SSG,1
RRQ,1
JSP,1
MYD,1
OLB,1
UWA,1
MSJ,1
SNS,1
OYV,1
JMM,1
CEW,1
OAP,1
KID,1
YAF,1
XAJ,1
YSF,1
IPC,1
RFP,1
SVZ,1
VZE,1
QLI,1
OGL,1
ATY,1
QLO,1
SKN,1
KNI,1
OHB,1
HBE,1
UOM,1
TRH,1
DYL,1
IYM,1
UEW,1
LMF,1
OOK,1
OKM,1
KMA,1
JOP,1
HIJ,1
MPP,1
HMD,1
NPN,1
PRQ,1
VSL,1
SRB,1
JRA,1
CNU,1
GNB,1
BBT,1
PLP,1
ODF,1
YVM,1
POK,1
HTY,1
TYO,1
TYH,1
YHE,1
EBD,1
BDO,1
AFG,1
FGA,1
BYR,1
EYN,1
BEZ,1
ZJY,1
ZLB,1
XPT,1
TZE,1
VST,1
BRT,1
IMF,1
EVP,1
VBE,1
TJV,1
CEX,1
SUO,1
XBT,1
RGT,1
BNV,1
GMM,1
DDT,1
LYO,1
UUO,1
ZBT,1
EMF,1
HVE,1
UCP,1
EXF,1
AUK,1
UKO,1
KON,1
MND,1
OCQ,1
DTG,1
LRV,1
ZTY,1
TND,1
UYO,1
AOH,1
VJO,1
EVG,1
HSM,1
CVA,1
MUD,1
VNM,1
RJC,1
MJA,1
DYJ,1
GIJ,1
CDP,1
SDQ,1
LBN,1
ZCY,1
CYR,1
ZML,1
ZAG,1
UCQ,1
NYH,1
YHU,1
UZS,1
AZC,1
XVT,1
TFB,1
EVJ,1
XCD,1
LLW,1
LWA,1
AVC,1
HLN,1
MYI,1
PLC,1
PTN,1
PCT,1
TJP,1
XFT,1
GLP,1
LTH,1
FUC,1
KOP,1
UKI,1
KIR,1
HVN,1
GOQ,1
LUY,1
YFT,1
OFV,1
FVE,1
HNR,1
HCR,1
YTU,1
ZTV,1
VBO,1
ZTI,1
DGN,1
VNV,1
HPL,1
BJA,1
LYN,1
KRO,1
EKE,1
LAK,1
THY,1
GJU,1
VYQ,1
XSN,1
BOH,1
ZAH,1
IJP,1
AXO,1
NIX,1
XLM,1
UYU,1
EYI,1
YIL,1
ZFC,1
BSS,1
CDH,1
DDV,1
YUR,1
MHO,1
LDV,1
DUW,1
QTI,1
CYQ,1
MVR,1
VBI,1
MSY,1
UHR,1
GMD,1
UGP,1
NFN,1
UHS,1
LDD,1
OGY,1
GYN,1
GNN,1
XML,1
LHL,1
BMD,1
HDO,1
OMV,1
SPM,1
ZUE,1
OOV,1
IVF,1
ICG,1
JYF,1
XOB,1
HNT,1
YJU,1
HFU,1
COV,1
TMN,1
HLC,1
HLF,1
EKH,1
KHO,1
PMN,1
ZMB,1
LMN,1
ODY,1
LNU,1
HAJ,1
DMB,1
HRP,1
ARZ,1
RZP,1
ZPH,1
HYR,1
HCH,1
ZMP,1
VLT,1
OBU,1
DTT,1
EGC,1
NKO,1
KOD,1
DAK,1
AMS,1
DLY,1
FFS,1
UCB,1
GLD,1
UGQ,1
XNC,1
SCP,1
VDI,1
SVL,1
DDL,1
YLV,1
BUH,1
FDM,1
LLB,1
JFR,1
CYG,1
YGN,1
ODH,1
PEX,1
SPQ,1
NYX,1
YXB,1
VPL,1
JEX,1
FIJ,1
ACJ,1
JBU,1
BUB,1
SVG,1
UMG,1
RMX,1
MXD,1
RJY,1
RGJ,1
PDC,1
SBQ,1
CTY,1
EPM,1
YOF,1
OAM,1
BIP,1
YPI,1
MFO,1
LUH,1
JNO,1
LSW,1
XDN,1
GPE,1
XAH,1
ZLH,1
RJI,1
TYS,1
ARK,1
RKO,1
EBG,1
BGO,1
IVG,1
VGR,1
TJL,1
JLI,1
XLQ,1
LBT,1
SUH,1
AVP,1
FFD,1
OBC,1
ZTD,1
ZCT,1
DRD,1
AJR,1
JRU,1
RJS,1
PYA,1
OAB,1
CJY,1
FRD,1
BOX,1
XNN,1
CYD,1
YDT,1
BUO,1
FTH,1
VPI,1
CDT,1
SLB,1
HLS,1
MRD,1
UOO,1
YDJ,1
JJA,1
XLJ,1
RGB,1
GBE,1
YMT,1
CYS,1
NLJ,1
RVQ,1
DYM,1
UMC,1
VSN,1
LMC,1
DVN,1
HNG,1
UPG,1
IYE,1
GDP,1
ABC,1
BCA,1
OAY,1
RZO,1
PYJ,1
HLM,1
NJI,1
HPT,1
YPL,1
LDG,1
XMD,1
ZGN,1
BLV,1
VTG,1
EAK,1
XAY,1
NQQ,1
QQU,1
HLD,1
MYV,1
LJC,1
UFG,1
FGI,1
BRS,1
CRY,1
ADG,1
YTP,1
UCF,1
OOI,1
LFN,1
TGM,1
GMI,1
ZYV,1
SWO,1
WOM,1
DUY,1
VSB,1
TLB,1
NPK,1
PKI,1
COW,1
OWE,1
WES,1
IVJ,1
PBL,1
CTB,1
IZR,1
FII,1
FSG,1
ABD,1
RPP,1
MTP,1
JNE,1
PGN,1
NIJ,1
OAT,1
XVR,1
FFC,1
FCR,1
VTL,1
UDV,1
CQD,1
HSL,1
PAO,1
JUX,1
XMT,1
RLF,1
GSR,1
KEH,1
GUY,1
MUP,1
ZLD,1
DFL,1
UMJ,1
YMI,1
CTV,1
MBP,1
BPE,1
MVA,1
DJG,1
JGR,1
YIE,1
LFD,1
GCL,1
TLV,1
AUZ,1
UZN,1
ZMY,1
QPE,1
HSN,1
ZNA,1
LTJ,1
IHB,1
PJA,1
GSJ,1
PUO,1
AKS,1
KST,1
SYI,1
UCY,1
PDS,1
JBI,1
UBC,1
BCB,1
AYP,1
PPN,1
LDP,1
CYL,1
HBR,1
SNR,1
LIH,1
KEQ,1
KEC,1
GDH,1
GBU,1
HUP,1
NCZ,1
USZ,1
ZEO,1
BSP,1
QJU,1
AVY,1
VYV,1
QET,1
OCV,1
NSK,1
YHI,1
PGA,1
TSK,1
ZAP,1
LUJ,1
NYG,1
SYG,1
UDY,1
UOC,1
QFO,1
GIU,1
KEA,1
PBI,1
CFE,1
NMG,1
PIM,1
GBI,1
ZHE,1
QSU,1
BAJ,1
FEG,1
EYV,1
EYJ,1
ZII,1
IIO,1
UFN,1
CPI,1
VUH,1
AEV,1
MOE,1
JOT,1
VCH,1
NUZ,1
QTU,1
FNI,1
EXD,1
RXE,1
QAS,1
HFO,1
VAZ,1
SIZ,1
OIY,1
ERW,1
RWA,1
QSD,1
QSR,1
ICQ,1
EIE,1
NIZ,1
HMU,1
OLK,1
LKA,1
KAQ,1
EHJ,1
HJU,1
XEV,1
GPR,1
YEQ,1
FAJ,1
HUV,1
HOE,1
PMH,1
SCM,1
AEB,1
ZBO,1
ZMH,1
XVU,1
ZAD,1
BIO,1
FEF,1
YRS,1
MBN,1
BNO,1
PEH,1
ZGL,1
EIJ,1
RXL,1
OHD,1
GMU,1
VUB,1
LYL,1
RYN,1
VVU,1
CKL,1
PVA,1
KAU,1
ACF,1
GSH,1
YBE,1
MYR,1
YRT,1
UDQ,1
AZN,1
ZNU,1
QCO,1
CHY,1
VOD,1
VUI,1
MCI,1
CGR,1
KEB,1
ZCI,1
YSR,1
TYV,1
QJO,1
OHF,1
AZD,1
GTU,1
QEC,1
GSG,1
ZAB,1
ZEV,1
QGE,1
ZAF,1
COA,1
DSK,1
XYR,1
VVM,1
VMH,1
UAO,1
MSV,1
EOY,1
GFL,1
OCF,1
KEI,1
HII,1
JAY,1
OFC,1
AZB,1
CGE,1
EIF,1
ZEB,1
PDR,1
CBR,1
GJA,1
XAO,1
OFQ,1
VOM,1
ZYP,1
ZYU,1
MIZ,1
ZVL,1
EHM,1
NQB,1
QBL,1
CMH,1
IMG,1
EOV,1
IOI,1
QPR,1
CBA,1
QSE,1
RYV,1
FSN,1
QEV,1
GCR,1
XMH,1
YRD,1
IRZ,1
UXZ,1
XZA,1
NDZ,1
YBA,1
YSB,1
AZS,1
RYB,1
YBR,1
XJY,1
ZYL,1
AHT,1
OCJ,1
OHG,1
HGA,1
HVA,1
PFE,1
YSJ,1
KEF,1
ICK,2
KEN,2
RHS,2
LDB,2
RGP,2
GYP,2
OMG,2
HOB,2
IFB,2
KAV,2
CMD,2
DDS,2
OYU,2
VTS,2
YFE,2
MMN,2
TCJ,2
IOV,2
AOP,2
QUF,2
MYC,2
CNI,2
VRU,2
NBN,2
OVR,2
OYC,2
EVY,2
VYO,2
RKC,2
SYO,2
NEW,2
ICN,2
MPN,2
GUT,2
MTD,2
OJO,2
RRL,2
DYD,2
ADB,2
JYM,2
ZOB,2
OLH,2
VSP,2
XOT,2
GLY,2
BAF,2
YOL,2
SGQ,2
IPN,2
VLU,2
THB,2
NRT,2
ZDT,2
IJC,2
JOH,2
SJP,2
RTZ,2
AYV,2
OUK,2
CLL,2
UUS,2
TJY,2
ZHA,2
LMS,2
VTP,2
IOO,2
OFA,2
YBO,2
PYR,2
EYC,2
JPA,2
FRM,2
YSV,2
RHB,2
VUG,2
VTD,2
EYO,2
AOD,2
YAY,2
NMN,2
DLT,2
FIB,2
TLR,2
BID,2
ZAN,2
ZSD,2
XPC,2
SNP,2
UGD,2
NRD,2
HVI,2
YNI,2
JLU,2
FJE,2
TJS,2
YCD,2
ZIM,2
TCC,2
DDH,2
NYF,2
RYD,2
SRM,2
WEB,2
VIJ,2
YDN,2
MTL,2
EIX,2
BLB,2
UOJ,2
MTJ,2
LVU,2
GYM,2
YMN,2
AGC,2
MYE,2
SNV,2
OOR,2
OLJ,2
MTQ,2
RNM,2
LMR,2
XIA,2
TNF,2
LTC,2
NHP,2
ZAS,2
ZTT,2
UMN,2
MYP,2
PTB,2
EGS,2
IIQ,2
PUH,2
JDP,2
JVO,2
UGT,2
GLS,2
CRN,2
SVC,2
XDT,2
FRP,2
PDT,2
EKR,2
HOY,2
OBD,2
HRS,2
SZT,2
XDC,2
ASW,2
XLL,2
MYA,2
PTJ,2
GIV,2
TMS,2
OAR,2
GIP,2
MBM,2
CPU,2
LNC,2
XII,2
IIX,2
IBN,2
CDC,2
DYT,2
PUJ,2
GOZ,2
IYI,2
DRC,2
DRM,2
FEO,2
HDS,2
VTB,2
JAB,2
GDC,2
DLM,2
OXE,2
NLL,2
PMI,2
TAX,2
PAM,2
OEW,2
EWS,2
WSK,2
ZVR,2
IUT,2
FTB,2
KLE,2
PTV,2
TCD,2
GIC,2
HTH,2
UMV,2
IMY,2
UYC,2
HSQ,2
FLN,2
HTC,2
AYN,2
BDA,2
UGC,2
DRV,2
VTC,2
CHB,2
NGV,2
GVI,2
LVY,2
UVJ,2
APQ,2
OJP,2
CSR,2
IGH,2
GHT,2
GVO,2
IRY,2
RHL,2
LRL,2
MSP,2
OXA,2
IGQ,2
JDI,2
CLG,2
RRM,2
NNH,2
RVN,2
PTF,2
VFA,2
UDF,2
SOV,2
RYG,2
SSF,2
ABY,2
DTQ,2
OBO,2
GSV,2
DLV,2
ZHB,2
THC,2
DBY,2
BYE,2
FIO,2
CRL,2
BCO,2
JPE,2
LDR,2
RGC,2
TDQ,2
FOO,2
OOT,2
CYA,2
BLU,2
YOS,2
TNB,2
TPS,2
BRC,2
SOA,2
OYT,2
PUQ,2
DYN,2
PPQ,2
FAY,2
DTM,2
TJI,2
AYR,2
UBD,2
JLH,2
SPT,2
LTB,2
YFO,2
MIX,2
CLH,2
DPN,2
UMY,2
DYV,2
EVC,2
EWH,2
BLC,2
LNR,2
OUW,2
YHA,2
OYL,2
TCQ,2
UYF,2
EJH,2
JHA,2
NQL,2
XRS,2
FRS,2
DOV,2
DYP,2
FPU,2
RNV,2
CMI,2
LVD,2
VDR,2
DAY,2
PPM,2
IHS,2
DJI,2
EJV,2
DOJ,2
HUB,2
EBN,2
RMF,2
NBB,2
BTR,2
OEF,2
YRO,2
OUY,2
UYV,2
TVN,2
JYD,2
AMF,2
VIQ,2
FPL,2
LPN,2
DYC,2
FSB,2
JVI,2
JYE,2
BBA,2
RGM,2
VSO,2
VNO,2
XDG,2
DOA,2
TVG,2
CGO,2
AHR,2
EGY,2
BEY,2
GDY,2
NJP,2
CTT,2
LMY,2
RMJ,2
JYS,2
LDN,2
GRN,2
XPN,2
LVT,2
DUZ,2
FSF,2
FEH,2
ODQ,2
VJU,2
CLY,2
PLB,2
AKO,2
EVM,2
HLU,2
UYP,2
RFC,2
RUO,2
HDT,2
EYD,2
HPU,2
DRT,2
XOI,2
OYP,2
LMB,2
FVR,2
IEY,2
GTL,2
UWH,2
NZL,2
NQT,2
FMO,2
VSQ,2
XEF,2
ELZ,2
FTF,2
CMP,2
UOA,2
TFM,2
PIV,2
DOO,2
LRF,2
AHF,2
HPE,2
OCP,2
ZMN,2
CIH,2
AHP,2
NMB,2
MRO,2
GAF,2
GAD,2
MJT,2
CGA,2
BMA,2
ADN,2
GBA,2
UYM,2
KIO,2
DRG,2
PSG,2
ZDR,2
EXU,2
XUB,2
XYM,2
YMF,2
ZBR,2
HAF,2
ZDS,2
JVU,2
IYR,2
SRY,2
NSZ,2
LUU,2
TIH,2
LOJ,2
SLR,2
DJN,2
XOS,2
APV,2
LFM,2
OCN,2
LFP,2
KOU,2
PHL,2
UPY,2
LFS,2
RMR,2
AZQ,2
FAE,2
HYD,2
ZVA,2
JYC,2
YNO,2
YND,2
NOQ,2
AOC,2
UPB,2
UNW,2
UML,2
OEX,2
FNO,2
ZLI,2
BDI,2
ZTE,2
DAO,2
CTJ,2
IOH,2
HNA,2
SRN,2
VIU,2
XOL,2
BAK,2
YPS,2
IXK,2
SRH,2
JAZ,2
XSH,2
NQJ,2
BAM,2
RDZ,2
NQD,2
ZTU,2
ZEF,2
CMU,2
XEG,2
CBU,2
ZED,2
BEH,2
CAH,2
RMG,2
AZL,2
UFV,2
PFR,2
HUL,2
VAF,2
DMH,2
URZ,2
EHC,2
CVR,2
KAR,2
ARX,2
TII,2
QCH,2
WAL,2
QGR,2
BAZ,2
OQS,2
PIF,2
ZAT,2
FTO,2
UMH,2
ARY,2
QSO,2
AIH,2
MUI,2
NCK,2
HIU,2
MJU,2
GCA,2
EFN,2
GEY,2
EHQ,2
NVV,2
IMH,2
OAQ,2
MBQ,2
YRI,2
XST,2
TVL,2
NKE,2
QPU,2
CHK,2
HKA,2
KAE,2
UZI,2
AUY,2
EQM,3
VPR,3
IVQ,3
USW,3
CFI,3
XLV,3
HPI,3
GPL,3
EOG,3
TBN,3
ZEX,3
MGA,3
RYM,3
CKA,3
AOF,3
NVT,3
YEM,3
VRD,3
XRP,3
SHB,3
TYF,3
HIA,3
RVS,3
NJY,3
JIM,3
TYM,3
UMT,3
SSV,3
XSS,3
DMY,3
BRG,3
GMO,3
LLF,3
TOV,3
MTH,3
MST,3
DYO,3
CNT,3
DVT,3
EVQ,3
TRR,3
VDA,3
MTS,3
YDC,3
RNQ,3
HDI,3
FRN,3
CFU,3
IVN,3
DSV,3
LII,3
JOR,3
SRT,3
MSF,3
UYD,3
LTN,3
FOD,3
ICP,3
OOU,3
UVN,3
KES,3
LUO,3
GRQ,3
CSW,3
MIF,3
AMY,3
JDA,3
UOF,3
HMI,3
FSM,3
BIQ,3
MCL,3
RRF,3
PAJ,3
NNB,3
IXV,3
YFI,3
DDD,3
AVS,3
LLJ,3
JOS,3
NLC,3
AVN,3
WAT,3
ZGO,3
ZBA,3
AYJ,3
MDH,3
VUF,3
GJE,3
EFB,3
JMO,3
RYP,3
UYS,3
MDO,3
DBR,3
EJS,3
DJV,3
TBT,3
ZLC,3
KEE,3
MSU,3
EFP,3
SPS,3
DUK,3
FPA,3
IYV,3
DTV,3
YOP,3
ISZ,3
JPL,3
TVT,3
TLN,3
NOA,3
FRT,3
JMA,3
RPN,3
CUC,3
MOG,3
EPS,3
ZJO,3
OZZ,3
ZZO,3
RNG,3
IFN,3
OCB,3
DTL,3
CYE,3
REW,3
HSU,3
DDJ,3
MRA,3
MRS,3
PEJ,3
BEM,3
MSS,3
CLM,3
DOX,3
JYR,3
AXE,3
OHO,3
BEO,3
GGE,3
VTO,3
XAF,3
UVM,3
SDG,3
LCT,3
ZGI,3
MLU,3
VEX,3
HAK,3
YNE,3
IYT,3
MUQ,3
DJB,3
ANR,3
DMP,3
IOG,3
BLR,3
OIH,3
DTD,3
FTJ,3
PAZ,3
MOV,3
AAY,3
ENZ,3
DPH,3
HEX,3
ZUT,3
UIZ,3
IFM,3
SZO,3
ECZ,3
YAH,3
LOH,3
GOO,3
ZGA,3
TIJ,3
SAX,3
NHY,3
RBT,3
AOS,3
LFC,3
VPA,3
TLS,3
EYM,3
FDT,3
ACN,3
GGL,3
FTV,3
TMR,3
ZSU,3
DIU,3
GSQ,3
GRG,3
SDY,3
RYA,3
VCT,3
USK,3
GNC,3
APD,3
SYH,3
MUM,3
AMW,3
MWA,3
WAY,3
LMP,3
XOH,3
LDH,3
LFL,3
HFA,3
LGS,3
FSR,3
AOT,3
NAZ,3
UMF,3
XAQ,3
DAZ,3
AHD,3
CCT,3
FEQ,3
PDH,3
RCS,3
EFQ,3
UFP,3
UVB,3
GNJ,3
ZCR,3
OAU,3
ODS,3
LLQ,3
JOA,3
OAD,3
XNU,3
NHT,3
DEY,3
MTU,3
JAJ,3
DGL,3
MPV,3
JJE,3
PMU,3
VSI,3
QUJ,3
GOE,3
LLV,3
BNI,3
NYJ,3
EAZ,3
ZMD,3
NRF,3
HDU,3
DOF,3
STZ,3
TZI,3
VUV,3
ZJU,3
RMP,3
GSL,3
RFV,3
PVE,3
SYB,3
IUR,3
UOL,3
LRS,3
PFU,3
ONK,3
ENW,3
ZOO,3
DMU,3
TAZ,3
EOQ,3
ZNI,3
LOA,3
UBP,3
BPI,3
MUG,3
IOP,3
VOB,3
YDR,3
IYS,3
OAN,3
CNA,3
FAP,3
GSF,3
UFM,3
SCQ,3
QDE,3
IMJ,3
RNY,3
ZFI,3
EUZ,3
QAU,3
EUY,3
IIA,3
CZA,3
QPA,3
NQE,3
NGG,3
DZA,3
AAE,3
YGA,3
YEI,3
GPU,3
AAQ,3
UTZ,3
TUU,3
AMG,3
YEV,3
GTI,3
AEF,3
FVO,3
BUU,3
HUU,3
KEP,3
CUU,3
RLY,3
NQG,3
FJO,3
XEI,3
RSZ,3
IVV,3
VVI,3
LRU,3
GOF,3
ARW,3
RWI,3
CUF,3
YMO,4
CKI,4
DOY,4
IDV,4
PLN,4
YPT,4
LMD,4
RRY,4
RCK,4
VTR,4
TYE,4
LRG,4
ANJ,4
CTN,4
LDF,4
MBT,4
EIT,4
NDY,4
ZOL,4
HMR,4
AYC,4
IPH,4
YML,4
SVN,4
RVT,4
ACV,4
ANZ,4
LNH,4
VDU,4
FTU,4
NFC,4
UKA,4
RMQ,4
ZVU,4
LLP,4
TRJ,4
JUV,4
JSO,4
ZCU,4
RLV,4
VIM,4
NNF,4
JPO,4
TNY,4
ZAJ,4
HSD,4
QUQ,4
YPU,4
HOV,4
RUV,4
RLB,4
GTT,4
ZRI,4
SLJ,4
VUU,4
IVM,4
VMA,4
AFS,4
HSP,4
DAQ,4
DUX,4
CSG,4
MMS,4
MAY,4
XBU,4
RCB,4
NGJ,4
DYS,4
ZFR,4
BRD,4
GUN,4
ABT,4
HSS,4
RND,4
NOG,4
XSW,4
SGT,4
IOA,4
PPS,4
FPE,4
ZEE,4
CSJ,4
JSA,4
OYD,4
EOA,4
CBL,4
NNV,4
IOE,4
YIS,4
LDT,4
ZOD,4
UFT,4
AYU,4
XLH,4
BLD,4
DCT,4
GUP,4
ICM,4
FTQ,4
ZES,4
IDG,4
MLS,4
WIN,4
PPC,4
ICC,4
RLG,4
CDD,4
TRB,4
XRG,4
RJT,4
MSI,4
DYF,4
IBT,4
TPT,4
RMN,4
XDP,4
ESK,4
TMP,4
GUC,4
YJA,4
MIB,4
MBD,4
XDR,4
AYM,4
VRS,4
AOB,4
TFC,4
XDF,4
SRD,4
JLO,4
IHL,4
PCR,4
HLO,4
OLQ,4
IAO,4
NLT,4
AAH,4
IIG,4
DTP,4
NOO,4
PEZ,4
MPM,4
DRP,4
YEJ,4
NCG,4
NIH,4
HFI,4
HOG,4
VTA,4
YNA,4
OLN,4
LYR,4
PRR,4
PAA,4
BQU,4
XIB,4
FEP,4
LEW,4
MVI,4
WHI,4
VSC,4
MHA,4
UOH,4
SBN,4
FPR,4
RFT,4
NYD,4
LLR,4
UCS,4
OMJ,4
EHT,4
ZIG,4
DCU,4
GNP,4
FIP,4
CSN,4
IPS,4
EAO,4
MFA,4
ZTA,4
GAV,4
VGT,4
ZPU,4
HUD,4
AMT,4
NYO,4
NYL,4
YJO,4
LDM,4
LTM,4
BAP,4
ZBL,4
REK,4
POD,4
XGU,4
ADD,4
TUG,4
DLH,4
NGB,4
IIR,4
EYR,4
FUL,4
CUQ,4
PFO,4
SSH,4
AHQ,4
EGM,4
NLY,4
EZY,4
HTS,4
DTI,4
DIZ,4
RYE,4
YCR,4
HIG,4
DAH,4
OLG,4
TYC,4
PBA,4
GTH,4
NQS,4
RIJ,4
FEA,4
FEJ,4
TAO,4
FEV,4
NKI,4
UFJ,4
NMH,4
CVE,4
OHT,4
QMA,5
UVD,5
EYL,5
UFC,5
NMR,5
MAX,5
DMD,5
VOG,5
SJI,5
UTY,5
EGT,5
UYR,5
KET,5
PHM,5
EVD,5
GNT,5
BLT,5
FSU,5
JLA,5
YCE,5
DEK,5
JFA,5
NMP,5
TTV,5
GID,5
FRL,5
PVO,5
FST,5
UMQ,5
JOB,5
TLD,5
LLY,5
LVN,5
JYA,5
NLM,5
HSO,5
SMN,5
GOC,5
IIC,5
JIR,5
CRS,5
DNC,5
LYV,5
AFQ,5
MUF,5
DSW,5
OFL,5
CBI,5
JLE,5
CJO,5
HAO,5
UOB,5
LLN,5
JYP,5
LTQ,5
EMN,5
CDL,5
TPN,5
YEA,5
FLS,5
SJS,5
NRY,5
OFR,5
UDG,5
RLJ,5
RYR,5
BUM,5
GSM,5
CUB,5
AYL,5
FBR,5
DJJ,5
TOX,5
YPN,5
MBC,5
BCI,5
EHS,5
OHA,5
PEG,5
COF,5
EKA,5
UHU,5
IDB,5
AFC,5
DHR,5
BTA,5
SFC,5
BDE,5
MVE,5
PPI,5
TRQ,5
DYI,5
INY,5
CSV,5
MYO,5
IHI,5
UVC,5
VUJ,5
VRT,5
RRV,5
XUE,5
ACM,5
XSC,5
AAM,5
JSI,5
UOP,5
FNE,5
PBO,5
MSG,5
PTQ,5
LDL,5
PNA,5
RNC,5
IVC,5
HTO,5
MSN,5
NUB,5
UNK,5
AMC,5
AAB,5
XID,5
AGS,5
BRY,5
JRE,5
HPO,5
NAO,5
XOP,5
XFL,5
IGM,5
GST,5
GRV,5
ADL,5
MSO,5
CRC,5
RCY,5
GCH,5
YTI,5
XEA,5
LIU,5
OPQ,5
TEY,5
DLG,5
JAQ,5
NMT,5
AEH,5
KER,5
BOC,5
CHF,5
ERY,5
SMP,5
XEU,5
VME,5
HRD,5
HAH,5
UDM,5
AFT,5
DHY,5
QFR,5
ULV,5
FFM,5
RMB,5
HYT,5
BIG,5
CJA,5
NQO,5
QOU,5
NWA,5
UHI,5
OOP,5
GTP,5
ERZ,5
EYS,5
GSB,5
HAA,5
BAH,5
NEY,5
HYX,5
YXI,5
AEG,5
HUA,5
CUA,5
AAG,5
FEB,5
UAH,5
AEP,5
HTU,5
GUB,5
ZSW,6
RRH,6
UVP,6
CDI,6
NGH,6
GHA,6
ROA,6
OSV,6
TRF,6
CTM,6
CSM,6
BUD,6
CDS,6
ORH,6
AXI,6
MMR,6
CPE,6
PRL,6
SRL,6
JYV,6
MSQ,6
MOP,6
MBS,6
MOC,6
CKD,6
KDE,6
JUL,6
ORK,6
RLS,6
ORJ,6
ROX,6
RRC,6
UBM,6
RGQ,6
UMP,6
NMC,6
LYC,6
SNG,6
SJY,6
EKI,6
XMU,6
CFR,6
VNR,6
SSB,6
CVI,6
DHS,6
XAD,6
VSA,6
APN,6
EZH,6
IVT,6
IDF,6
NBT,6
BIJ,6
NLV,6
LLT,6
DYE,6
NCY,6
ZPL,6
MSA,6
DUU,6
VUR,6
CHV,6
DBE,6
LYF,6
ABM,6
OLV,6
XNI,6
LTP,6
RFS,6
FSC,6
OES,6
NFT,6
ATB,6
YRP,6
MJE,6
IIE,6
JTR,6
PFI,6
JUD,6
TOQ,6
OLP,6
LJT,6
FSV,6
OLM,6
YRU,6
QUH,6
IUS,6
AKE,6
GDO,6
SLS,6
NHR,6
PRG,6
ZEJ,6
DPC,6
YNG,6
EMV,6
KAL,6
HSC,6
GSC,6
DUO,6
PSH,6
XRU,6
DVA,6
ZRO,6
AYT,6
YTO,6
OAL,6
TLJ,6
IDJ,6
PHT,6
GRU,6
YNT,6
OGO,6
YIN,6
THN,6
MVO,6
TLQ,6
DGI,6
PSB,6
RHI,6
SLN,6
IJY,6
FSQ,6
XPH,6
FDO,6
UDB,6
FTM,6
HIO,6
OHI,6
BAE,6
DJR,6
XSP,6
GNM,6
JCE,6
HBO,6
RRG,6
HEH,6
HUN,6
RNL,6
RUU,6
SXV,6
OFU,6
AZE,6
TDG,6
TYT,6
FMA,6
ESZ,6
PRN,6
VLO,6
UGS,6
BIF,6
RMC,6
AII,6
RUG,6
RVC,6
OTB,6
DRU,6
MOK,6
OKI,6
HVR,6
SYV,6
FPO,6
YSC,6
EPC,6
NQF,6
OML,6
MEY,6
SHY,6
OHP,6
CHJ,6
TDB,6
LMU,6
BOB,6
BSD,6
MNO,6
XAB,6
RAZ,6
OSG,6
QME,6
NRH,6
EYP,6
NDW,6
DWI,6
JUM,6
JAF,6
ZIE,6
NTZ,6
JAO,6
PEB,6
SMG,6
XFU,6
AMH,6
ISK,6
UDT,7
WIC,7
FSP,7
OAV,7
ETZ,7
DEW,7
LTL,7
MAO,7
IXO,7
YSS,7
GSU,7
YUN,7
JIG,7
YMB,7
QUY,7
PTP,7
VUT,7
YOR,7
MSC,7
ZFO,7
ZGE,7
TUJ,7
BRV,7
UOE,7
EVS,7
EXO,7
ANY,7
VSD,7
GSP,7
EYT,7
LLC,7
OHR,7
CFO,7
ULF,7
EHR,7
OAS,7
DIJ,7
MSM,7
CPH,7
ZPI,7
YRA,7
YVA,7
NUJ,7
UBJ,7
COD,7
JYT,7
ATJ,7
ECY,7
CYN,7
TFT,7
SYD,7
HIB,7
SXI,7
XIV,7
GOB,7
ZEP,7
GNQ,7
ZSI,7
DJM,7
FOC,7
YSP,7
YLL,7
XEX,7
LAZ,7
LMT,7
PUV,7
YDA,7
LEK,7
RCM,7
ADY,7
CAY,7
LHY,7
ZEH,7
ZCH,7
DPU,7
OPN,7
NNG,7
OOD,7
NJT,7
NII,7
IXR,7
ZCA,7
ZOU,7
MII,7
PAE,7
IDH,7
JUN,7
GTR,7
HJA,7
ITZ,7
IHU,7
IMN,7
HUS,7
ROH,7
RVD,7
IID,7
IAH,7
ULR,7
JIN,7
VIP,7
LUF,7
MFI,7
GUD,7
YDO,7
IMV,7
FSI,7
VAJ,7
RDG,7
LSH,7
GEG,7
DGR,7
HTD,7
EFM,7
FAG,7
ZMI,7
ORF,7
UPV,7
ATV,7
ORV,7
PCA,7
JAG,7
NQP,7
NZI,7
RZA,7
ZEC,7
PEV,7
AGH,7
GHE,7
SMH,7
GFR,7
VSE,8
CII,8
KEY,8
AYQ,8
EIZ,8
IZE,8
SDB,8
TNG,8
XDH,8
TUY,8
OSW,8
ZNE,8
TRN,8
SHL,8
UMS,8
NML,8
ODR,8
NPT,8
NUF,8
UPH,8
RDY,8
ORQ,8
NHI,8
GDI,8
SUD,8
SLQ,8
DJF,8
THR,8
NHS,8
BUA,8
UDL,8
OHN,8
JEQ,8
DYR,8
DML,8
JON,8
RLQ,8
LDC,8
GSO,8
OET,8
FFU,8
RLP,8
IYA,8
TMT,8
DBL,8
UAJ,8
FDA,8
FIM,8
DIB,8
LYM,8
JSU,8
UOR,8
IFC,8
DGU,8
NNY,8
GNU,8
MSW,8
ZIL,8
BOE,8
SDV,8
HSA,8
GCE,8
NMY,8
DFU,8
RML,8
UHE,8
RRD,8
HTA,8
AZO,8
SUQ,8
YSM,8
NOJ,8
GEZ,8
MLI,8
RGD,8
OPJ,8
PSY,8
YSN,8
SCY,8
VCE,8
BIZ,8
FTI,8
EDQ,8
CRD,8
UAQ,8
ATF,8
OTV,8
TDV,8
CUD,8
OHS,8
BIA,8
XCS,8
NRC,8
ZAU,8
OHE,8
LHR,8
MMM,8
PMO,8
UHO,8
BEJ,8
NRL,8
RTY,8
JCR,8
HEG,8
DFO,8
OMR,8
PTL,8
YEP,8
IXG,8
VEH,8
APC,8
HNE,8
GIA,8
UAF,8
GSI,8
ZVE,8
CAQ,8
ZJA,8
OOM,8
SMB,8
BUI,8
GLU,8
CEZ,8
NCF,8
NCB,8
UZA,8
EEJ,8
NGF,8
UMR,9
NSW,9
RNS,9
TTB,9
HUG,9
TMG,9
IOJ,9
IHO,9
MOF,9
UVL,9
ZVI,9
OMQ,9
UFD,9
CSQ,9
EVL,9
AGD,9
MCA,9
HCO,9
IGP,9
GPA,9
CTP,9
UOS,9
XJU,9
VUM,9
OGA,9
JEB,9
OPV,9
YSL,9
BLS,9
GAB,9
LLM,9
EII,9
BAD,9
SPN,9
YOU,9
HDA,9
ISW,9
IAA,9
CLR,9
SRF,9
GRD,9
RYO,9
UVQ,9
NYC,9
SHR,9
SVT,9
EFC,9
ZJE,9
VAV,9
FSO,9
XHI,9
XCT,9
SHT,9
NNR,9
GND,9
OOL,9
TIU,9
NYV,9
UGG,9
EJC,9
IDM,9
YAM,9
VTI,9
UXK,9
EYF,9
FSA,9
GNL,9
YEC,9
UOD,9
PNO,9
TVC,9
HRY,9
IMR,9
ZGR,9
CST,9
ZFA,9
IDQ,9
UDH,9
XEQ,9
VAA,9
YVE,9
YIO,9
LFO,9
MIP,9
FAD,9
MSL,9
DGE,9
POE,9
XGO,9
UNY,9
GTM,9
BAQ,9
BAA,9
BEQ,10
RDB,10
LDS,10
BUC,10
PLM,10
PEO,10
BNF,10
QUV,10
SLL,10
SRQ,10
SYF,10
PTT,10
XAP,10
YAJ,10
HRT,10
ADF,10
SHS,10
YLI,10
ZAL,10
OXI,10
BME,10
DSF,10
LYP,10
LRP,10
XVA,10
IVD,10
IVL,10
EIV,10
TDD,10
DAJ,10
CTC,10
VNI,10
NOV,10
MTI,10
CBE,10
NYR,10
CCH,10
TOO,10
FCE,10
TLM,10
BSU,10
OSJ,10
QUR,10
CGI,10
ADS,10
TRG,10
SUG,10
IOF,10
YSU,10
PTH,10
AHL,10
SOY,10
DGO,10
YFU,10
UAY,10
LZA,10
MIA,10
DLU,10
NYT,10
SYN,10
IXU,10
CPR,10
XGI,10
EHL,10
OHJ,10
ZDU,10
FSS,10
NAH,10
OYI,10
GTD,10
HAE,10
DII,10
ICY,10
CFA,10
HPR,10
PIP,10
EMG,10
XKI,10
COK,10
QAN,10
SZA,10
IIV,10
AEC,10
VUA,11
EWA,11
TTN,11
ZEM,11
FTR,11
IXI,11
QUN,11
MBU,11
YMA,11
ADV,11
DOT,11
OTJ,11
MAE,11
MAA,11
TUF,11
UVT,11
PTD,11
EJI,11
ICD,11
LPH,11
PTM,11
ZME,11
CCD,11
MLO,11
DSJ,11
DPI,11
ACP,11
OEN,11
IGL,11
NVN,11
DYA,11
CIJ,11
FLC,11
HNI,11
SMY,11
ADT,11
TTF,11
EXQ,11
YAA,11
OVA,11
DJS,11
NRG,11
YAE,11
ROE,11
UVU,11
HID,11
VIB,11
SMR,11
NLH,11
AGM,11
JDE,11
MCR,11
PBE,11
PUF,11
SBT,11
DSB,11
BSI,11
ICS,11
PPT,11
ECG,11
PNE,11
RII,11
OJT,11
SDD,11
DSH,11
OHU,11
RYS,11
GIB,11
ROO,11
NUO,11
DTU,11
XEE,11
LCI,11
ZBE,11
FAA,11
HYG,11
YGI,11
IJT,11
SNY,11
GTC,11
RHO,11
OKE,11
XRI,11
UAA,11
RMH,11
QUB,12
GOM,12
UVS,12
JOC,12
XHU,12
FTS,12
PHN,12
YQU,12
LNI,12
OMC,12
CSI,12
NUU,12
JEJ,12
YVI,12
ZPO,12
MYT,12
DJU,12
OCS,12
DNU,12
PIG,12
BUN,12
ADQ,12
GOG,12
CBO,12
AYD,12
YDE,12
JCO,12
TOA,12
AEX,12
EUH,12
PSV,12
IXN,12
ZPE,12
DNI,12
EYE,12
SLD,12
EMS,12
RRP,12
ORZ,12
RZE,12
PVI,12
GEH,12
HIM,12
LFR,12
NCN,12
ISX,12
THL,12
EHY,12
GPO,12
RMT,12
NYP,12
MIJ,12
DBO,12
LJO,12
VEG,12
GTQ,12
OTF,12
OTU,12
IFP,12
LUB,12
LMM,12
ORU,12
VEJ,12
MDU,12
TLL,12
SYT,12
SSQ,12
APS,12
VEV,12
FME,12
ZET,12
RLC,12
DLO,12
NOH,12
NCJ,12
ZAV,12
AAC,12
AHJ,12
GIG,12
BIM,12
ZUR,12
XEP,12
OSH,12
NCV,12
XLU,12
TMB,12
LBL,12
JAA,12
BBE,12
KIN,13
EOO,13
DBU,13
UDC,13
TRL,13
UPF,13
CTQ,13
TDN,13
CIB,13
RVR,13
SSJ,13
TYA,13
JEG,13
OTG,13
OYS,13
ADP,13
TMC,13
VAM,13
ZPR,13
IVS,13
LGO,13
CSL,13
TUO,13
YAS,13
ZTR,13
HPA,13
IUM,13
RUF,13
OSN,13
TNC,13
MCE,13
AHB,13
PDU,13
SAO,13
XIT,13
NOD,13
LOL,13
OHM,13
VUP,13
RYC,13
OHL,13
UCD,13
JEE,13
TUQ,13
IAQ,13
TRV,13
SYL,13
IIM,13
MEZ,13
CAO,13
QHE,13
XNA,13
DRL,13
SYC,13
MIG,13
SSN,13
SML,13
AAR,13
SFM,13
HCA,13
ULJ,13
ATN,13
RUY,13
AHS,13
GCO,13
SEY,13
NYS,13
GTF,13
XAI,13
GSS,13
DSG,13
FOQ,13
ABB,13
UFH,13
FHE,13
YLA,14
CSS,14
IAJ,14
IAY,14
ADJ,14
UDN,14
NGQ,14
CRM,14
ISY,14
ZIN,14
ITY,14
TDY,14
AZA,14
ZDA,14
XBL,14
NOP,14
CPO,14
ZSE,14
LMI,14
INH,14
PRH,14
CSU,14
YVO,14
FTD,14
AIF,14
TRC,14
OSU,14
IMS,14
OTN,14
OSR,14
HVO,14
GNY,14
NNJ,14
VIF,14
YAR,14
IDT,14
LBI,14
DJC,14
FCO,14
YCH,14
LUG,14
YPR,14
LLD,14
CHQ,14
GNS,14
AML,14
OBR,14
NQH,14
ULN,14
GUM,14
HOQ,14
UPN,14
TRD,14
DSY,14
RYT,14
TYR,14
LOF,14
OHC,14
AZU,14
NQA,14
CAA,14
CKE,15
APT,15
NLG,15
LPI,15
ANP,15
MAQ,15
OVE,15
TLT,15
NGM,15
BRL,15
OLR,15
YCA,15
RPI,15
IXJ,15
RLL,15
AAT,15
LTS,15
CHN,15
RTF,15
ULH,15
SOO,15
IAF,15
ODL,15
NYM,15
UDD,15
MPD,15
TSH,15
FSE,15
AHM,15
CSC,15
OLS,15
IXB,15
AHN,15
GDA,15
PRJ,15
ANF,15
COO,15
PSF,15
EDY,15
FSL,15
XRA,15
ALJ,15
LTD,15
ZSO,15
REY,15
VTU,15
GMA,15
HUC,15
OSY,15
BEP,15
NIU,15
FMI,15
IAE,15
XAT,15
BEF,15
PUP,16
EDB,16
DBA,16
ZLO,16
ATG,16
VNT,16
VTE,16
VUN,16
SRC,16
CIU,16
SUM,16
IOB,16
NCQ,16
DDO,16
YSD,16
SLC,16
QUP,16
CIV,16
CHC,16
CIQ,16
MUT,16
PNI,16
THD,16
PAD,16
UFS,16
XOR,16
EJP,16
TLP,16
QUS,16
NAQ,16
TBU,16
STN,16
DSR,16
EXH,16
IMQ,16
CDU,16
PTC,16
FIV,16
VRO,16
LFT,16
PME,16
ELF,16
MTO,16
UZE,16
IZA,16
ZSA,16
AEM,16
UDJ,16
SKI,16
SUY,16
AAD,16
UIH,16
CAJ,16
FEL,16
RDF,17
RSW,17
DBI,17
XON,17
UDP,17
NUV,17
XAR,17
OCD,17
PFA,17
MSE,17
IDN,17
CMM,17
UBU,17
IXQ,17
XGE,17
DJL,17
PTS,17
ECB,17
ASH,17
PIA,17
UEX,17
MNA,17
EOF,17
GRM,17
COH,17
RIU,17
LBA,17
RGS,17
LLL,17
RTB,17
NRV,17
MIV,17
OPM,17
RTG,17
FDU,17
GRT,17
BLM,17
UBT,17
EJY,17
IGS,17
TOH,17
FUY,17
CEH,17
LBO,17
SOH,17
DVI,17
URY,17
TSG,17
COG,17
IDC,17
XED,17
DNA,17
DOP,17
CME,17
EAA,17
CSP,17
STG,17
CYC,17
YCL,17
DAA,17
EEO,17
VQU,18
LSY,18
ECF,18
SMC,18
TGN,18
RTV,18
RMS,18
IPT,18
MOS,18
EZO,18
GAZ,18
UNU,18
FTA,18
XBI,18
UPJ,18
ELB,18
ECV,18
YCO,18
DDI,18
AES,18
SLP,18
RLM,18
EOT,18
AAN,18
AHV,18
AIO,18
AAP,18
TRY,18
ROQ,18
NDG,18
GSE,18
RSY,18
CIF,18
CDO,18
RLT,18
VCU,18
LRI,18
UAE,18
OUO,18
VEF,18
OSF,18
NGP,18
XTI,18
SYP,18
VDE,19
ALF,19
LTU,19
WAG,19
GAC,19
HOD,19
MIM,19
YME,19
ACD,19
TMY,19
MEX,19
EIC,19
RNT,19
TML,19
SNC,19
JAC,19
AMD,19
LJU,19
LUL,19
IXT,19
ZAR,19
RTH,19
OTM,19
SSM,19
GOS,19
UAM,19
DJP,19
LRO,19
XCR,19
LSG,19
HIF,19
CHM,19
CIM,19
EDG,19
TTJ,19
TUB,19
QMI,19
ADH,19
LOE,19
EOE,19
XRO,19
ALN,19
XVO,19
YEL,19
PUG,19
NMD,20
OCK,20
UMB,20
CTL,20
EBT,20
JAS,20
EVN,20
RRS,20
TLC,20
EMR,20
SFT,20
TTH,20
TTT,20
TUC,20
EIS,20
INB,20
VAB,20
VLA,20
PUM,20
MTR,20
EOS,20
RBU,20
ASY,20
AUU,20
PTR,20
VNE,20
TDM,20
NDB,20
XPU,20
IMD,20
UTG,20
HEB,20
BAC,20
FUN,20
ECJ,20
ZDI,20
RUQ,20
NRS,20
DJD,20
IEH,20
IXP,20
TCU,20
CRP,20
RNU,20
OPF,20
PSN,20
IFQ,20
UCL,20
FTL,20
ONZ,20
FOY,20
NTY,20
NHU,20
IXF,20
UFI,21
LGU,21
PDI,21
EDV,21
SRS,21
LAO,21
SUT,21
CIG,21
YFA,21
RVL,21
LEY,21
MSD,21
OSB,21
XLO,21
IDD,21
DFR,21
GTA,21
GRS,21
PSJ,21
PUY,21
OCL,21
PEP,21
YPA,21
BIR,21
ULQ,21
HMA,21
HMO,21
RDV,21
XPI,21
OPB,21
NIG,21
DJO,21
VII,21
TAY,21
XGA,21
ZBI,21
OUZ,21
UIY,21
GSA,21
BOS,21
ZRE,21
PEF,21
TZA,21
PSR,22
FLT,22
EVT,22
LIP,22
VAE,22
PRD,22
EMC,22
ETY,22
CIO,22
EYA,22
JAN,22
SDM,22
XJA,22
XBE,22
TOS,22
PDO,22
ULC,22
VUQ,22
NOF,22
BAV,22
VUC,22
IDP,22
CVO,22
SLM,22
FTC,22
DSM,22
ZEA,22
TJT,22
DMM,22
IMC,22
OLC,22
HYP,22
LSJ,22
DUH,22
HJE,22
MIH,22
DHI,22
IHA,22
TUI,22
FED,22
XFR,22
OPC,22
PGR,22
NVU,23
FCH,23
LPU,23
GIM,23
EZI,23
VLE,23
TNT,23
TDF,23
UMD,23
RPH,23
YTH,23
ANV,23
CLB,23
PST,23
AHU,23
ZCO,23
GUS,23
RLD,23
JOY,23
YTA,23
LOQ,23
PRM,23
FIQ,23
MDA,23
DJT,23
GDU,23
GSD,23
HRO,23
SRG,23
DCA,23
RBL,23
IVU,23
TPH,23
COP,23
NGC,23
OPG,23
ZRA,23
QCE,23
BOY,23
GOY,23
YOT,23
NRP,24
PSI,24
FTP,24
TOP,24
CCS,24
RFE,24
XHA,24
ABU,24
LPT,24
EPN,24
THS,24
PDA,24
LYT,24
OTP,24
ARH,24
ZDO,24
HTI,24
SOT,24
ALV,24
BTO,24
LUQ,24
OPS,24
MNI,24
YTR,24
DGA,24
YED,24
EZJ,24
XEL,24
HEJ,24
FEI,24
NCM,24
NPH,24
CPL,24
EMH,24
CAE,24
EEV,24
JAE,24
ODO,25
ANM,25
ORL,25
ZMM,25
GEV,25
SMT,25
XVE,25
EZF,25
LJA,25
UJU,25
IMT,25
PCO,25
CHP,25
PJE,25
IJO,25
HIT,25
PMA,25
LCL,25
NAA,25
VAH,25
ALY,25
PUC,25
JUI,25
SLT,25
YPO,25
OIO,25
JUP,25
CUM,25
NOL,25
MIO,25
IFT,25
ALR,25
GEF,25
TLY,25
DOE,25
HUE,25
EEB,25
JAT,26
LVR,26
DST,26
IRH,26
LSB,26
SSY,26
IOD,26
CJE,26
MTE,26
SBU,26
IGD,26
OLY,26
XFA,26
LCU,26
EEH,26
BIC,26
YAQ,26
NUR,26
QUD,26
NNN,26
SJT,26
AGL,26
AUH,26
AOU,26
SGN,26
XLI,26
RUB,26
UOU,26
IJU,26
NQC,26
DSN,26
EEG,26
FRR,27
ULM,27
GQU,27
NUP,27
IFU,27
LUV,27
ELY,27
DOB,27
EZG,27
ANX,27
NXI,27
AUO,27
CCL,27
VEO,27
ZEN,27
NQM,27
EOM,27
HAD,27
ONY,27
ACS,27
UGU,27
AIU,27
MUA,27
MOQ,27
EUJ,27
TYP,27
IPI,27
AIX,27
BIB,28
THQ,28
IEG,28
AOR,28
TDL,28
HDE,28
PSU,28
OSL,28
FAB,28
NSY,28
UOT,28
TYL,28
VOC,28
ADC,28
HIP,28
YTE,28
STJ,28
RSH,28
ELR,28
UAB,28
YAB,28
AHC,28
LGL,28
BEU,28
IOM,28
TOE,28
SYS,28
OLF,28
YSO,28
TSY,28
FUG,28
AAI,28
TMH,28
OMO,29
PUA,29
LSQ,29
OSQ,29
ODA,29
SOF,29
LNT,29
EDM,29
LLS,29
MAJ,29
SIH,29
FAS,29
AMN,29
GIO,29
TLG,29
XMM,29
NUC,29
HSE,29
XIO,29
IPP,29
OVO,29
KIL,29
ROR,29
SDL,29
LGI,29
BUE,29
MCH,29
YAT,29
DAF,29
TAH,29
MLL,29
XDI,29
PSM,29
IAD,29
NPI,29
TOF,29
BTI,30
XSA,30
OCU,30
PHD,30
ZTO,30
SUV,30
SOJ,30
GEB,30
XFI,30
STY,30
FQU,30
ZEU,30
OMT,30
XBR,30
EAE,30
AEU,30
EUO,30
XFE,30
AGG,30
BUR,30
NBL,30
THM,30
MIQ,30
PCI,30
GAM,30
OIB,30
UEH,30
MGR,30
SDN,31
IML,31
TAJ,31
IOR,31
HNO,31
BAU,31
SLV,31
TTM,31
LIF,31
FLI,31
SSR,31
BOL,31
EOP,31
HIQ,31
UBS,31
AAS,31
BEN,31
RFL,31
ASG,31
SAQ,31
NUQ,31
LFE,31
YLE,31
XBA,31
DPR,31
HME,31
BAG,31
AFL,31
PUN,31
CIC,31
SYR,31
OTC,31
NRU,31
GIR,31
FEE,31
XGR,31
IHE,31
TGO,32
SSL,32
STF,32
LUD,32
MMD,32
SRV,32
DOL,32
NGI,32
SAA,32
OPU,32
NZA,32
RTJ,32
ATC,32
VEB,32
LRA,32
UEZ,32
UPM,32
XSU,32
HIC,32
GAS,32
IGO,32
IXC,32
SMD,33
RDN,33
DOD,33
FSD,33
DIP,33
UAG,33
ATM,33
IXL,33
ZMA,33
PRP,33
DUA,33
GRL,33
QUM,33
XTU,33
XVI,33
GEJ,33
EAQ,33
CRT,34
PPU,34
TFL,34
NDV,34
ECN,34
OJA,34
DFE,34
MQU,34
JPR,34
ELV,34
UTJ,34
XJO,34
OIU,34
POP,34
BUS,34
TOD,34
NBU,34
EUU,34
ATQ,34
PEQ,34
NAE,34
YAC,34
AIV,34
AAL,34
EOH,34
EIR,34
EDL,35
NGN,35
EFD,35
LHU,35
XIN,35
IFR,35
TDP,35
THU,35
BUF,35
FRU,35
XAG,35
NBI,35
LPL,35
NSH,35
CHL,35
TGL,35
CUV,35
NNP,36
DSP,36
UDS,36
EOJ,36
SLG,36
EDJ,36
UGA,36
VOQ,36
OTQ,36
IPU,36
RAH,36
TOJ,36
NDH,36
RCT,36
XES,36
LFI,36
GGR,36
SDF,36
BEI,36
NCC,36
ANB,36
DJA,37
LLG,37
UFL,37
NVR,37
XYE,37
RTN,37
EDD,37
OGU,37
EAY,37
XSI,37
ICL,37
LBR,37
UAC,37
UPQ,37
HRI,37
IAM,37
OSM,37
PUD,37
PEM,37
IBA,37
HLE,37
TDR,37
BUV,37
IEB,38
RAA,38
UTV,38
ACQ,38
EMY,38
SYA,38
NAJ,38
NIA,38
LHI,38
SSS,38
COS,38
YES,38
HCE,38
HOL,38
UFE,38
POC,38
NCP,38
XTO,38
HIV,38
XEC,38
NNC,39
SLY,39
RAO,39
TUL,39
OIV,39
ULP,39
CNO,39
RMD,39
DID,39
STH,39
TFE,39
SDP,39
BUL,39
NDQ,39
ELN,39
LOD,39
COQ,39
VUS,39
DIQ,39
PHA,39
ZCE,39
OTL,39
CMA,39
TSW,39
TSB,39
PUE,39
YPE,39
HUT,39
PIO,39
ULB,39
IGT,39
NNL,40
XER,40
DVO,40
TMD,40
XJE,40
AUI,40
RFU,40
SOS,40
CCI,40
PAQ,40
LVI,40
XIE,40
HYS,40
ATL,40
URH,40
UFR,40
RAJ,40
EAJ,40
TNI,40
NZE,40
XIG,40
XNO,40
ZAI,40
EEI,40
IOT,41
FTE,41
TTC,41
OMN,41
RDM,41
MCO,41
UXY,41
CHD,41
XHO,41
RIX,41
LVA,41
OPL,41
TSJ,41
SCN,41
IFD,41
RIP,41
RRU,41
NYE,41
TCI,41
VUD,41
DAE,41
NAF,42
NIB,42
RGL,42
NIP,42
PRV,42
HEO,42
RHU,42
OII,42
LUP,42
CPA,42
SUJ,42
ULD,42
PIQ,42
ERH,42
NSG,42
RDJ,42
DHT,42
GOL,42
OEI,42
SOD,43
OFE,43
TRM,43
AYO,43
UGN,43
SDC,43
MBO,43
DVE,43
ZNO,43
HDR,43
XNE,43
QUT,43
ARV,43
PSO,43
EDF,43
EZU,43
ZUN,43
CHS,43
ORB,43
OGI,43
AFU,43
TOG,43
EZB,43
BOM,43
III,44
RTT,44
OON,44
SOE,44
PTO,44
FID,44
OPD,44
SNT,44
TDC,44
DTE,44
TTQ,44
PNT,44
EOL,44
MOY,44
YAP,44
HIR,44
NUY,44
SHI,44
VIG,44
TMU,44
EHI,44
FRQ,45
DMO,45
MMI,45
XAV,45
DSU,45
TTP,45
DCR,45
UFU,45
PSC,45
UGL,45
USY,45
XTA,45
IXH,45
RIZ,45
IZO,45
TSV,46
XIM,46
ZLA,46
IRG,46
TIA,46
HTR,46
IDL,46
SRP,46
TGI,46
BAB,46
RUA,46
HLA,46
XCL,46
EDN,46
VIA,46
NOE,46
PLT,46
TAA,46
VOS,46
NUM,47
RHE,47
IEJ,47
XDO,47
POQ,47
QUC,47
YMP,47
CNE,47
OPT,47
TRP,47
LUA,47
XAM,47
UIG,47
XAL,47
BED,47
TOY,47
UTN,47
GIF,47
HQU,48
LAY,48
NMU,48
RGN,48
AIA,48
VAP,48
YEZ,48
IRB,48
AHI,48
AIJ,48
EOD,48
AJU,48
UMU,48
LZI,48
NND,49
UPC,49
ZIR,49
TCT,49
AAV,49
TPI,49
CDA,49
IXS,49
IAS,49
HEQ,49
RCD,49
YSI,49
JAP,49
YET,49
NNQ,49
TIP,49
SGL,49
DHA,49
XAS,49
SGI,49
RSG,49
OIF,49
SDH,49
YEE,49
OTH,50
TNU,50
PTU,50
BEE,50
PAC,50
OBT,50
SAH,50
EUM,50
UBR,50
TFU,50
ATP,50
PHY,50
RGR,50
PQU,50
YSA,50
SUA,50
SRU,50
UIU,50
PSP,51
SYM,51
UJA,51
UGM,51
CTS,51
ECP,51
OVI,51
DOC,51
XRE,51
SDR,51
PSS,51
SIU,51
ENY,51
MOL,51
MPH,51
PAP,51
DFI,51
NDF,51
MRI,52
MIC,52
OCO,52
NNM,52
ILJ,52
DSC,52
OBA,52
DRI,52
IOS,52
TEZ,52
EER,52
UGI,52
FDE,53
LPE,53
EZN,53
MAF,53
HRE,53
EHB,53
NAY,53
LTI,53
ECQ,53
YAD,53
LUR,53
OUU,53
UTB,53
UYE,53
BEB,53
HOP,53
ULG,54
EML,54
DCL,54
IDR,54
LSF,54
OUH,54
EZT,54
RAE,54
TVU,54
TAF,54
UTH,54
ELJ,54
IDS,54
UIB,54
MPU,54
MLA,54
RHA,54
TTD,54
TIB,54
UMM,54
RGU,54
OSO,54
FUI,54
EZR,54
GTS,54
QUL,55
ZLU,55
SSC,55
GUA,55
MNE,55
AVU,55
HSI,55
TRT,55
IEX,55
TVA,55
OFI,55
TTL,55
AEL,55
TOL,55
NOC,55
SGU,55
EUG,55
PIL,55
RLH,55
INZ,55
NOY,55
BEG,55
IAG,56
LYS,56
SNI,56
XCA,56
THI,56
DSS,56
OMS,56
CSD,56
EUB,56
RUM,56
ZON,56
ALZ,56
RBI,57
BIN,57
EFS,57
LSM,57
USH,57
TDT,57
UEG,57
TTS,57
MYS,57
UPT,57
AER,57
RDP,58
SSW,58
IMU,58
IMB,58
UYA,58
ROJ,58
RUP,58
XOU,58
UXU,58
DAD,58
SLH,58
FOL,58
OLT,58
IFE,58
HOC,58
SOG,58
LYD,58
TSF,59
UGO,59
RCL,59
LUX,59
LCA,59
DAG,59
IEF,59
MLE,60
IFS,60
BIS,60
NIC,60
TDH,60
CUE,60
PIC,60
DCH,60
SDJ,60
XPE,60
OCT,60
EZS,61
THT,61
ELM,61
LOY,61
OPA,61
DCI,61
ALP,61
XME,61
CEO,61
NCD,61
XUN,61
LBU,61
TUV,61
DIO,62
RUR,62
TSR,62
SOP,62
YAL,62
DSL,62
VEP,62
ARJ,62
IBE,62
GIQ,62
TCL,62
EOC,62
ILH,62
UNQ,62
ISH,62
GAU,62
DUQ,63
IFO,63
OUN,63
EGN,63
PCE,63
NJA,63
DHE,63
EAH,63
VEQ,63
SHU,63
AHO,63
XFO,63
TGU,63
XCI,64
RVU,64
AIQ,64
RDQ,64
RDT,64
NMM,64
TSN,64
BTE,64
MEG,64
TDS,64
DEO,64
TUT,64
ISG,64
TAQ,64
IAC,64
DAS,64
YDI,64
EEQ,64
TGE,65
DTO,65
SDT,65
OIP,65
RIF,65
OBJ,65
CAV,65
PAV,65
IXM,65
GAY,65
RAF,66
CHT,66
EOB,66
XSO,66
TJO,66
ODI,66
DPL,66
LGE,66
FAV,66
OSC,66
XBO,66
AIC,66
IFL,66
DNO,67
LSV,67
IEO,67
NNS,67
AFR,67
GME,67
PRU,67
RJO,67
THA,67
UDO,67
VAD,67
AJA,67
VUL,68
OCR,68
IRF,68
PRF,68
PUB,68
FLU,68
SVR,68
JAD,68
XIL,68
GLO,68
NNT,68
UEO,69
HEC,69
RTM,69
YRE,69
TAE,69
CSE,69
FUM,69
IAR,69
EEF,69
HEP,70
LFU,70
CSO,70
BSE,70
SST,70
DSQ,70
EAG,70
HBI,70
LOB,70
UBA,70
ZDE,70
HOT,70
XTE,71
IOC,71
USB,71
ALQ,71
OPI,71
SUL,71
TBL,71
BJE,71
XHE,71
SPC,71
AIB,71
OYO,71
SIX,71
BSC,72
RFI,72
APU,72
RJA,72
ASJ,72
SUE,72
IRN,72
ILG,72
RJU,72
NIV,72
INR,72
GAT,73
ULL,73
IRJ,73
SCT,73
UFA,73
SII,73
IBU,73
ASN,73
NID,73
SEH,74
SAJ,74
TOC,74
OGE,74
OIA,74
EDP,74
VAC,74
IOU,74
OSP,74
EMT,74
CHR,74
DSO,74
BSO,74
DFA,74
ZEL,74
LMO,74
LHT,74
SAY,75
POT,75
DMA,75
EUF,75
EJT,75
ZMO,75
GUL,75
ORN,75
XMI,75
PHO,75
HUR,75
EOR,76
DPO,76
TDJ,76
OCA,76
CMO,76
ROV,76
YST,76
RSV,76
UAD,76
STB,76
SNU,76
PIS,76
MEH,76
ETG,77
RUC,77
SDS,77
XAC,77
IAB,77
XDA,77
XLA,77
TOB,77
POM,77
YAU,77
LSR,77
DUJ,78
LSU,78
XAN,78
AVR,78
PSQ,78
DPE,78
LTO,78
AUA,78
XDU,78
UCC,79
YSE,79
LDO,79
RDC,79
DEI,79
XSE,79
PEE,79
ALS,80
LSC,80
GRC,80
RBA,80
PAB,80
IXD,80
ILQ,80
NDN,81
NPU,81
ULS,81
RPT,81
NSJ,81
MPC,81
HEA,81
OLD,81
SFU,82
IIN,82
COC,82
CSA,83
SAE,83
IBO,83
DDU,83
UXV,83
NMI,83
LCH,83
JOL,83
CAG,83
FAR,84
HOI,84
ASF,84
EUC,84
ICR,84
ZPA,84
DDA,84
UXG,84
XPO,84
OSD,84
MPI,84
CEB,84
RDH,85
LVE,85
NDT,85
BOT,85
INN,85
FIR,85
RMM,85
EZC,85
EUQ,85
EID,85
CIP,86
LSI,86
RDL,86
DTA,86
ASB,86
EZQ,86
CEG,86
NUD,86
NFU,86
CHU,86
MHE,86
TNA,87
UAS,87
TUP,87
OGR,87
LCR,87
RGA,87
PSE,87
DEX,88
GNR,88
STV,88
NIO,88
NTH,88
RCR,88
ZQU,88
IXA,88
URJ,88
OPH,88
YAG,89
OEL,89
OUM,89
LUC,89
LYE,89
MDI,90
MBI,90
SSP,90
DHU,90
DSA,90
UBI,90
RSF,90
GEI,90
VAT,90
RRT,90
RBR,90
PHE,90
TUM,90
DLA,91
UXJ,91
NGS,91
JEF,91
HAG,91
EAF,91
BST,91
OCE,91
NBE,91
ELP,92
LIO,92
AMU,92
MAB,92
EAB,92
ENJ,92
XCU,92
GET,93
NUL,93
OTO,93
EDH,93
ELG,93
TID,93
PUR,93
LJE,93
ERF,93
FIX,93
TBR,93
IGI,93
IXE,93
UII,94
DME,94
UCR,94
IEV,94
DAC,94
ROG,94
UXN,94
LNO,94
BRO,95
UXO,95
UNN,95
SGO,95
LHA,95
UEB,95
USJ,95
LOS,95
HEI,95
DAP,96
UXH,96
MMU,96
FLO,96
YON,96
DHO,96
AHA,96
TGA,96
GON,96
IAP,96
TEG,96
GAI,97
ENH,97
RUD,97
SPH,97
SUB,97
RTC,97
MUE,97
ALC,97
IRV,97
COI,97
PID,98
UHA,98
XMO,98
RTP,98
AUE,98
GIE,98
DUF,98
MUN,99
MUL,99
STS,99
GUI,99
FEC,99
SVU,99
NJU,99
LCE,99
HRA,99
UIJ,99
LPR,100
EHU,100
PSL,100
UTF,100
XEN,100
IGA,100
OIJ,100
EZA,100
EBU,101
CCA,101
GIT,101
LAA,101
DSD,101
PUS,101
ELC,101
ARN,101
JUR,101
DEZ,101
ITH,102
UPU,102
XMA,102
DCE,102
GEC,102
PED,102
RSJ,102
ALT,103
FIS,103
DUG,103
CTO,103
APH,103
SMU,103
HIL,103
COE,103
GDE,104
RSN,104
XEM,104
UXR,104
TVR,105
PUT,105
RPU,105
IPL,105
TST,105
PSA,105
NLO,105
STM,105
TBA,105
EFT,106
GEQ,106
JUG,106
MTA,106
NSV,106
REZ,106
DSE,106
LDI,107
LEH,107
TEH,107
LDU,107
RMU,107
ATD,107
UAP,108
FAO,108
VIR,108
SEG,108
LEZ,108
PUL,108
SEJ,108
DPA,109
EAD,109
PTA,109
RFO,109
TFR,109
EMD,109
RSB,109
REX,109
EDT,109
NRO,109
FAT,109
TUS,110
RTQ,110
GOR,110
UBE,111
SEB,111
UGR,111
RUL,111
CCR,111
SFL,111
NSF,111
CLO,111
NHA,112
SUC,112
EVU,112
VAU,112
IEZ,112
EDC,112
PHR,112
PRT,112
HAS,112
OBE,113
TLH,113
NAS,113
HEF,114
LSL,114
EDR,114
ONU,114
CQU,114
CAF,114
AIP,114
INP,114
DLI,115
EPH,115
IJA,115
CIR,115
DIC,115
DOS,115
FIA,115
RCU,115
NIF,115
FES,116
JAR,116
VET,116
MMA,116
EEM,116
ELT,116
ORR,117
CUP,117
REH,117
NGD,117
RFR,117
NSB,117
SVA,117
INJ,117
LVO,117
NBR,117
CLU,118
XCH,118
INM,118
ECM,118
CEI,118
RSR,118
OPE,119
XPA,119
RAQ,119
UVI,119
XCO,119
SEO,119
URB,119
ODU,119
LAE,119
NOB,120
PCH,120
OPO,120
OIC,120
ERB,121
AAU,121
AYS,121
NDP,121
CEJ,121
ZAC,121
DOM,122
STQ,122
SBL,122
VOT,122
AMR,123
USG,123
YEN,123
NGO,123
RTL,123
GOI,123
SSD,124
ASR,124
ARP,124
RLO,124
VAS,124
TTU,124
NAB,124
PRA,125
DIX,125
JED,125
XAU,125
HAT,125
ECC,126
UCT,126
VIC,126
DUL,126
CUT,126
TGR,126
CUS,126
MEV,127
LSP,127
UCI,127
GEP,127
SOB,127
EGL,127
DNE,128
MEO,128
ALH,128
TSM,128
AGO,128
UTQ,129
SUF,129
RIG,129
FIG,129
GEU,129
ETH,129
XLE,129
NTG,130
OGN,130
ATS,131
UPI,131
CLI,131
PIN,131
ALD,131
ETB,131
DOI,131
HAP,131
OTD,131
ONB,131
DIG,132
OUX,132
MOB,132
UAV,133
TOT,133
IBR,134
NVA,134
GIS,134
OJE,134
NFE,134
HET,134
ABS,134
OST,135
UJE,135
LDA,135
MAP,135
ACL,135
OPP,136
SCL,136
NCS,136
EXE,137
NFR,137
LNA,137
XIS,137
CTU,138
DIA,138
RPL,138
TFO,138
JAL,138
EZP,138
NCU,138
UTM,138
LAH,138
HIN,138
CTR,139
DQU,139
OFO,139
EZE,139
EEC,139
SIA,140
UAR,140
LOG,140
RPS,140
MEB,140
HOU,140
EEE,140
AUG,141
RVA,141
LUE,141
VAR,141
PHI,141
TEJ,141
TBO,141
UDR,142
IPR,142
UXI,143
NDC,143
DCO,143
SEV,143
THO,143
ICT,143
RIB,143
UNF,143
RIQ,143
ASV,143
EZD,143
FIE,144
MUS,144
OMD,144
RAR,144
NHE,144
ALM,144
CTD,145
PPL,145
AUQ,145
TIG,145
ECD,146
SIF,146
OFF,146
CUI,147
HAC,147
OTA,147
TEX,148
TBE,148
BUT,148
FFO,148
LPO,149
XCE,149
EUA,149
GLE,149
SJU,149
EEA,149
RID,150
OMA,151
ADO,151
ETV,151
HEE,151
NIQ,152
ELD,152
RGI,152
LIA,152
TEO,152
SFR,152
GAG,152
LIB,153
PTI,153
NBA,153
OIM,153
NDL,154
NEX,154
HUI,154
DMI,154
ARF,154
PIR,154
ANU,154
OIQ,155
RBE,155
STT,155
ZVO,155
EEP,155
UIO,156
TUA,156
EUI,156
LGA,157
MOD,157
UIQ,157
RDR,157
TIF,157
IIL,158
EEU,158
NCT,158
OCC,158
OCI,158
OUA,158
NDJ,158
DIV,158
VAQ,158
IEQ,159
MEJ,159
AYE,159
EZM,160
AON,160
EAR,160
CIS,160
ISB,161
RAY,162
CAB,162
NRI,162
UXF,162
EGU,163
AUJ,163
NAG,163
PAN,163
DUB,164
DIM,164
NSR,164
JER,164
YER,164
NNI,165
LSD,165
OMI,165
HTE,165
OBS,165
TTI,165
ROT,165
VED,166
ZLE,166
LMA,166
AJE,166
ABR,166
ILU,166
VOR,166
OEU,166
MAM,167
XPL,167
TJU,167
MAD,167
LIV,167
XPR,168
ROD,168
ETF,168
GTE,168
PDE,168
UEI,168
ADU,168
CEF,169
ADM,169
GUR,169
TSC,169
TFI,169
NEZ,169
ENB,169
IRU,170
UXB,170
GAN,171
UNL,171
LOP,171
JAU,171
GLI,171
ROB,171
CAC,171
IRR,171
DLE,172
IGR,172
RUT,172
ALG,172
FRI,172
IMO,172
NBO,172
RDD,173
GNO,173
PRC,173
HAL,173
ONJ,173
VEZ,173
NSN,174
LIL,174
LTR,174
SIV,174
FIT,174
NEJ,174
NUS,174
OLA,174
LSO,175
TAD,175
RGO,175
TVI,175
VEE,175
ORO,175
OBI,176
POL,176
VUE,176
ADR,176
EOI,176
TCR,176
UXT,176
GEM,177
IAT,177
FUR,177
LHO,177
NAD,178
OTI,178
RTU,179
CAP,180
DAR,180
AGU,181
EZV,181
JOI,181
IRT,181
PAL,182
DUV,182
AET,182
JTA,182
ECS,183
HUM,183
ELH,183
IBI,183
ICU,183
IDU,183
PAY,183
GEL,183
TRU,183
BET,183
RST,184
TMI,184
MMO,184
IOL,184
GIN,184
EMU,184
IEA,185
HON,185
SIJ,185
PIT,185
BEL,185
GRI,185
OUQ,185
OLL,186
XTR,186
IDO,186
IFA,186
SUS,186
AEN,186
VAG,186
ANL,186
LOM,187
TSS,187
UNV,187
OPR,187
TEV,187
NIM,187
ERJ,187
CCU,188
SIQ,188
AGA,188
IRO,188
RIM,189
ISF,189
HEL,189
GLA,189
IEP,189
UPD,190
ITG,190
OLU,191
SOC,191
ASQ,191
TAM,191
DUE,192
SIP,192
LPA,192
UPS,192
EIG,192
RBO,192
ISN,193
LNY,193
NYA,193
IPO,194
UDU,194
URF,194
STL,195
CIA,195
UNH,195
ORG,195
DMR,195
FFL,195
EXA,196
NGA,197
USU,197
RPE,197
DAB,197
NFO,197
EXT,198
SGA,198
RFA,198
OSI,199
NEO,199
UNJ,199
PLO,199
HIE,199
JEA,199
DTR,200
SNA,200
MAU,200
RVO,200
IVO,200
NOS,201
UDA,201
ILV,201
OBL,201
FEU,202
DJE,202
HIS,202
EAM,203
EJU,204
TSL,204
ONH,204
UPP,205
IPE,205
CAD,205
LHE,205
TEB,205
TLI,206
DEH,206
EVR,206
HED,207
GEO,207
NLU,207
RCA,207
VIO,207
NCL,207
RUE,208
LGR,208
IUN,208
MAS,208
ULT,209
LEO,209
ENG,210
NRA,210
FAL,210
LOT,211
EUV,211
NHO,211
STD,211
SRO,211
VON,211
MID,212
RLI,212
NUT,212
DAT,212
LTE,212
EIM,212
SHE,212
EHA,212
EBL,212
BEC,213
PEA,213
UCA,213
INF,213
LLO,213
TSP,213
NJE,213
OSA,213
MAC,213
LCO,214
ACI,214
NJO,214
IEI,214
BLO,214
NAM,215
SCI,215
XET,215
IMI,215
UAL,215
UCU,216
HAV,216
NUA,217
UEF,217
ETJ,217
RJE,217
FOS,217
UEQ,218
RCI,218
UXS,219
MAV,219
UIF,220
SMM,220
CDE,220
EAT,220
CRU,220
EXI,221
TIV,222
NGL,222
LSN,223
LIR,223
UPO,223
EXC,223
FAM,223
NCR,223
SRI,223
EAS,223
DRO,224
FEN,224
EEX,224
UBO,224
CCO,225
IRI,225
INL,225
GOU,225
TRS,225
IEC,225
RAM,225
ROY,226
TJA,227
ISR,227
OQU,227
EUP,227
ISV,227
VEM,228
UNO,228
LAJ,228
LIQ,229
AUB,229
EPT,230
NTB,230
EGI,230
DUD,230
TOR,231
TSQ,231
RDO,231
UDI,232
FFA,232
NFL,233
FET,233
EFL,233
UOI,234
NIT,235
ACU,235
USV,235
PAT,236
EUE,236
SBI,236
OTS,239
RDS,239
LEX,239
JEP,239
ARS,241
OUG,241
SHA,241
SEX,242
LST,242
ULU,242
ARQ,243
UXL,243
EBI,243
IAU,244
CID,244
CEA,244
BOI,246
ULO,246
IEM,246
TPU,247
PSD,247
MIT,247
DUI,248
COT,248
TMM,249
URO,249
IRM,249
NDD,249
ATO,249
EPI,250
ETN,251
ANQ,251
ONR,251
LUM,252
TVE,252
RTS,252
UFO,252
SBA,253
NAR,253
ITN,254
ROF,256
EDS,256
SBE,256
REB,256
LOC,257
RVI,257
IRQ,257
NLI,258
NTF,259
CCE,259
NUI,259
RNO,260
ACR,260
MPT,260
ALU,260
OIG,260
ABE,260
UEV,261
UTU,262
ADA,262
USR,262
AID,262
AMM,262
UEA,263
RSM,264
RTR,264
JAI,264
NAC,265
IFI,266
SPU,266
RSP,267
USF,268
SEZ,268
VID,268
NME,269
LID,269
NGT,269
USM,269
URG,270
PES,270
SHO,272
IAL,272
HOR,272
RRO,272
ILO,273
EAC,273
ENQ,273
JEC,273
PAU,273
BRI,274
SAD,275
LSS,275
SCU,275
OYE,275
DEA,276
AJO,277
SIG,277
RUI,277
UAT,278
UNR,278
CAI,278
RTD,279
UNB,279
EAP,280
HAQ,280
DUT,281
MBA,281
ASM,281
SIC,281
PTE,282
EGE,282
NUN,282
LIM,283
INV,283
NTN,283
MEF,283
RAB,283
ILM,283
NSM,284
SLU,284
NAP,285
RSS,285
RIC,285
ARB,285
SVE,286
EZL,286
RUS,286
FRO,287
OIX,287
UCE,287
ORP,288
ITJ,288
ILC,288
GEE,289
ILT,289
SEI,289
NPL,289
CEV,290
SUP,290
USO,290
DSI,291
OUB,291
JEV,291
CIN,291
TVO,291
VIV,292
NEH,292
TIC,292
OLO,292
PEC,292
DAL,292
VIL,293
MOT,294
BAL,294
NGU,294
UGE,294
ERG,294
UNG,295
UXA,295
UVO,295
ANO,295
ORA,296
NGR,296
IRP,297
ESW,297
SBR,297
HEN,297
IJE,297
LRE,298
DOR,298
DIL,299
URV,299
BAI,299
ILR,299
SEQ,299
RLU,300
PPA,300
IEE,302
FLA,302
NTV,302
SPI,302
MUR,302
NIS,303
BAN,303
IGU,303
YAV,303
TNE,304
SJA,304
FUS,305
IAN,305
UTP,305
VEA,306
SLI,306
HAM,307
HEV,307
LIC,308
AGI,308
UEU,308
ATH,308
NDM,308
AIG,309
NEQ,310
CEU,310
IAI,310
HEM,310
REJ,310
UXM,310
LUN,311
ATU,311
TLU,311
RPR,312
EXP,313
RMI,313
DDE,314
LLU,315
NTJ,315
CIT,315
FFI,315
REO,316
ANA,316
SJO,316
CIL,316
ICO,317
EGO,317
ROL,317
GOT,317
SRA,318
PEI,318
AYA,319
BAS,319
CUR,319
UXP,319
EHE,319
RIO,319
NEI,320
AMP,320
TOM,320
MBE,320
LTA,321
BOR,321
HAB,321
COL,322
ITV,322
UTS,323
LME,323
MEQ,324
GIL,324
PPO,324
RAG,324
UAU,326
ISU,326
AFI,326
BIT,327
FAN,328
TEF,330
PAG,330
IVI,330
LYA,330
JES,330
ILB,331
AUL,331
NIL,331
SFE,332
AFF,332
SOM,332
VES,332
IDA,332
GAL,333
SAS,333
CEC,335
MRE,336
ANI,336
GNI,336
UTC,336
ARG,337
CEE,337
SAB,338
CAN,338
LFA,339
SGE,340
NEG,340
RNA,341
LUT,341
PPR,343
DEQ,344
EHO,344
ODE,346
TCA,346
UPL,346
ORC,347
AUF,347
TIQ,347
UPR,348
BAR,348
ISJ,348
VOL,349
UXQ,349
IVR,349
TUD,350
TAG,350
EFR,351
BIL,351
BES,351
CAS,352
FIC,352
IRC,352
API,352
JEM,352
DAM,353
SEA,353
TBI,353
SBO,353
UMA,354
CAL,354
FUT,355
OID,355
BAT,355
VIN,356
MOM,356
ASI,359
ILP,359
NPO,360
DUS,360
LSA,360
NOI,360
UNT,360
CAM,360
THE,360
XDE,362
RSC,362
GRO,363
ENM,364
MEI,365
MDE,366
RNI,366
OLI,366
UBL,366
VEI,367
CTE,367
FOU,367
MEA,368
DRA,368
DIF,369
SYE,370
OIE,370
NNU,371
UTO,374
STP,374
STU,375
LAQ,375
ASU,376
USN,377
XQU,377
INO,378
NNO,380
OTE,380
YAN,381
CAU,381
NIN,381
BLI,382
IPA,382
ESY,382
DAV,383
AFE,383
DUM,384
TME,384
ADI,386
ORI,386
DIN,386
ASP,387
ICH,387
NDS,388
SMI,390
DAU,391
ONO,392
SID,392
ERQ,393
UXE,393
SEF,394
TAS,394
TUE,396
ITB,396
PEL,397
SVI,397
ULI,398
LEJ,398
OTT,400
TNO,400
ANE,400
FAC,401
IFF,401
SFO,402
NOT,402
IMM,402
ASC,402
FAU,402
ICA,403
IGE,403
LIG,404
SFI,406
NCI,406
RAD,406
JEL,406
ETM,407
TLO,408
UND,409
TIS,409
RPA,409
NDO,410
VRI,410
ELS,411
IAV,412
AFO,412
EED,412
TDO,413
JAV,413
LLI,415
GNA,416
ONQ,416
RSU,417
SAF,418
AUP,419
ONF,419
NPR,420
AMB,421
SGR,422
UTI,423
MPE,423
FFE,424
UTL,424
APL,425
ORM,425
VRA,425
CEM,425
VEL,426
UXC,426
TIM,427
UEP,428
OUD,428
EBR,428
UMI,429
AGN,430
ITF,430
OTR,431
SLO,431
GED,432
NMO,434
NOR,435
ONI,436
RVE,436
UEE,436
NUE,437
ABA,438
ROS,439
LDE,439
STC,439
OUJ,440
VIT,440
PPE,440
ROC,440
UIV,440
ILY,441
ETU,441
NVE,442
TAB,444
ENL,444
MIR,445
UIP,445
URU,445
DIE,445
AUV,446
CRA,446
ITO,447
MAH,447
CTA,448
ILD,448
DUR,449
ILF,450
NOM,450
FLE,451
NVO,453
DEJ,453
MPA,454
EON,454
UIR,455
UMO,456
BRU,456
AFA,458
ASO,460
EFF,460
TOI,461
BRA,461
EAI,461
VEU,461
WAN,462
TAP,462
FRE,462
UAI,462
ALB,463
AST,465
EJO,465
CHI,466
SWA,467
YAI,468
UNI,468
AHE,468
OUF,469
SIB,469
UME,470
RIL,470
HOS,470
TJE,470
CRE,471
SCR,472
MPO,472
ACT,472
OUE,472
ONM,474
ROM,475
UNM,475
DUP,475
OIL,476
TDI,476
ACA,476
INQ,478
JAM,479
TCH,480
ING,481
URP,481
NPA,482
NAL,483
URR,483
UIM,485
PLI,486
HAU,486
NLA,486
TEI,487
SAR,487
VAL,487
LEG,487
TEQ,488
IDI,489
DEE,489
ONV,490
RMO,491
JET,492
ARU,494
PON,494
UIC,494
LOI,494
MAG,494
APO,495
PIE,495
RIA,496
USP,496
RAU,496
RSL,496
TPE,497
NSQ,497
PAI,498
IVA,498
ABI,499
TFA,499
IRS,500
RSI,502
ARO,502
ASL,502
FER,502
LNE,505
MPR,506
AUN,506
LEB,507
MOR,508
VOY,510
UNS,510
YEU,510
UPA,510
ENP,511
QUU,515
ATA,515
CUL,518
NVI,519
NFI,521
IBL,525
ISM,526
IRL,526
TAR,527
UTT,527
USC,528
ICI,533
NAU,538
AUM,538
SIS,538
RRA,538
EAN,538
MEE,539
UXD,540
EOU,540
EFU,542
NPE,542
ABO,542
ARM,543
INU,544
LAU,545
CLE,545
ECI,545
LIS,545
NSP,547
SAM,549
NEB,549
HEZ,550
CAT,552
SOL,552
JUS,553
NMA,553
NCA,554
DUC,556
ENR,556
MEC,557
RDI,557
SFA,557
ERO,559
RIV,560
UNA,562
NFA,563
UJO,564
LOU,564
HES,564
AGR,564
RGE,565
AMO,566
CTI,567
MEP,567
ETP,567
ECU,567
SAG,569
URQ,570
SDI,571
EBA,571
DEG,572
TMO,572
TAC,573
TSD,574
USI,580
SAT,580
RTO,581
RCO,583
ERU,583
EFE,586
ERV,586
RSQ,586
TPR,587
LEI,587
IET,590
EAL,591
EFI,593
ACC,594
URC,595
RDU,598
SIM,598
ESN,598
ICE,598
UPE,601
TEP,604
RIR,606
UQU,609
CUN,609
AIM,610
TAT,612
IEL,613
SAC,614
BEA,616
AUD,617
INI,617
VIS,617
MAT,618
NLE,619
LAL,619
ESH,620
TUR,621
UNC,622
NSO,624
MIS,624
RAC,625
ENV,631
RPO,631
UTD,631
ORD,635
MPS,636
ROP,641
CRO,642
LAG,643
GER,643
AVI,645
MOU,647
ONL,647
PLE,647
UFF,649
SEE,649
TSI,649
UNP,650
NRE,650
ENU,652
CEP,652
ASD,653
SAP,653
ERN,654
NSS,655
FFR,657
UIN,658
ERP,659
SUI,659
SVO,660
UUN,660
FEM,661
IMP,661
GEA,661
OYA,662
MEU,662
PRS,662
DOU,665
HAN,666
UID,667
HAI,667
RAL,668
RNE,669
TAV,670
OCH,671
FOI,672
DIR,672
OUI,672
FON,675
MIL,677
REF,681
MAL,681
UVR,681
NTU,683
SPL,685
NST,686
MBR,689
OUC,690
OME,691
RAP,691
MPL,691
LEF,692
SIT,693
URM,695
NEV,695
NTM,695
GNE,696
OSS,697
URI,697
UST,698
MEL,698
SIR,698
TEC,698
UCO,699
POI,700
JEU,701
TSU,703
EBE,704
ESV,704
ILI,704
SOR,704
FRA,704
ETC,707
APA,707
HAR,707
ASA,712
VRE,714
SDO,716
SNE,717
UIE,717
OIT,718
NCH,719
GRE,721
EUD,724
LBE,728
REI,731
SOI,731
FIL,735
CLA,735
LSE,737
ANN,739
LEQ,739
SME,743
TEA,745
NSC,746
URT,747
GUE,748
UER,748
UIA,749
RIN,749
NAT,750
UEM,750
ALI,752
OMB,753
SEP,753
CIE,756
CRI,756
SCA,757
CHO,760
EPU,762
BLA,762
SNO,763
ELQ,764
RAT,764
MEM,767
GES,768
IMA,769
NEU,770
NEA,771
EGR,772
SIO,774
IES,774
TIR,776
ELI,776
UCH,778
SMO,782
NIR,783
TMA,785
TEU,785
NTT,786
DEF,787
LIT,787
URN,789
USQ,790
ESJ,792
ALO,794
ETQ,796
SIE,796
RCH,797
HOM,800
SJE,802
NIE,802
FOR,806
EJA,807
MIE,807
PET,809
TON,811
UTA,812
INA,813
IVE,815
NTO,818
IED,818
SSU,819
LAD,824
MBL,828
POS,828
CED,828
ENI,831
TRI,832
ECL,833
TTA,834
BRE,835
IRD,837
ONG,838
ITM,838
UON,839
EES,841
NDU,841
AUR,841
LAB,842
EEL,842
AMI,845
EBO,845
ONE,847
RAS,847
CAR,853
FIN,856
RSA,857
NAN,860
ESG,862
ATR,865
ECR,866
USD,866
ETS,867
CER,871
ISL,872
INC,874
EFO,876
AUC,878
ELO,879
NON,879
NSA,880
ILN,881
RMA,883
ECT,886
LOR,890
JEN,892
TPL,894
ISC,895
STO,896
ESB,897
ASE,899
APR,902
IRA,902
OLE,903
ONP,904
RSD,905
ULA,907
OSE,907
ITQ,908
TIT,912
ORS,913
ACO,920
ACE,920
ARC,921
BON,921
MET,922
AME,923
UEN,927
EUT,936
RDA,936
LIN,937
NEE,942
REG,944
EGA,946
EDO,947
RRI,948
RIT,949
TAL,949
RSO,954
MER,955
STI,956
DEB,958
TEE,958
ERM,959
NAV,959
LQU,967
CEN,967
NSU,969
LIE,972
NEF,972
REQ,974
IME,975
TSO,976
MIN,977
RME,977
SEC,984
SAL,987
USL,988
ISO,988
ARR,990
TPO,992
APE,994
EMB,997
IGN,998
GAR,1002
GEN,1004
SPE,1005
BOU,1006
TTO,1007
RON,1016
NSD,1020
ITR,1020
RER,1022
UET,1022
ARI,1024
VIE,1032
ATE,1035
ANG,1036
SDU,1038
TSA,1040
MAR,1044
EUL,1055
ESR,1056
NEC,1056
NEN,1057
DED,1058
EPL,1060
EUS,1063
SCH,1071
QUO,1073
SIN,1074
ENF,1075
SPR,1079
EFA,1081
UED,1083
ROI,1084
ONA,1087
NSI,1087
POR,1090
DEU,1092
UAN,1099
REV,1102
RAV,1106
LAS,1109
PEN,1109
UEC,1115
ATT,1116
BER,1117
NGE,1118
PUI,1122
NTC,1124
NEM,1125
ABL,1136
TDU,1137
ARA,1137
SDA,1137
ISD,1138
TCO,1138
NED,1141
NTQ,1142
LEA,1145
DIT,1148
ERI,1150
ITI,1155
ORE,1158
LAF,1163
SEU,1165
EAV,1168
SEL,1170
ESF,1171
UVA,1172
ISQ,1173
PLA,1179
REA,1187
ITC,1187
BIE,1189
LEL,1191
SRE,1201
ISP,1204
ECA,1207
LEV,1209
ETL,1210
HER,1213
IND,1213
AQU,1213
USA,1214
TSE,1215
ENN,1219
RRE,1223
ERC,1226
AIL,1228
SED,1234
NEL,1235
NNA,1236
OMP,1240
TDA,1241
ITT,1242
APP,1242
EMI,1253
SPO,1253
AUX,1255
EVI,1256
UEJ,1259
LLA,1261
OUP,1270
LON,1272
LAT,1275
COR,1275
RUN,1276
RSE,1277
ELU,1283
LEE,1284
ARL,1293
TAU,1293
REU,1294
STR,1302
SMA,1303
ADE,1319
OIN,1322
EDI,1331
DET,1334
PRI,1335
AUS,1335
AVO,1336
EIN,1346
MED,1346
EMM,1351
SSO,1351
ARE,1354
RTA,1355
DAI,1368
URD,1381
LAR,1388
ERR,1392
MAN,1412
TTR,1412
NQU,1418
ITU,1422
VAN,1428
IST,1436
EMP,1438
RTI,1438
PEU,1440
HEU,1440
ILA,1451
TIE,1454
OUL,1454
RIS,1459
DEN,1465
NDI,1473
ALL,1474
ALA,1480
GRA,1482
ONC,1484
CEL,1498
UIT,1499
CEQ,1506
NET,1510
TED,1515
TIN,1518
ETD,1518
ESU,1520
NDR,1525
ERD,1526
MOI,1530
NER,1533
ERL,1535
RQU,1538
ACH,1550
SUN,1553
ISI,1566
SAU,1569
RCE,1572
ART,1578
DIS,1596
EEN,1597
LAN,1604
NSE,1624
URA,1625
EDA,1629
EDU,1638
DRE,1642
AMA,1653
UTR,1655
NEP,1655
EPE,1664
VEC,1666
EVE,1670
SAV,1670
EVO,1671
EJE,1673
TET,1677
ESQ,1679
STA,1684
IQU,1686
ETO,1691
PRO,1695
DER,1702
ALE,1702
SCO,1702
EVA,1707
TEM,1708
ARD,1711
REE,1714
DEP,1715
UDE,1716
SEM,1726
EPR,1731
ESM,1735
TCE,1737
JOU,1755
ESL,1767
PER,1768
LAV,1768
UVE,1770
SCE,1776
UES,1779
ANC,1795
IDE,1796
RTE,1800
ULE,1812
EMO,1817
NDA,1821
VEN,1827
DON,1831
NCO,1837
USE,1840
ERT,1845
NTP,1849
LAM,1858
RLA,1864
VOU,1864
LET,1869
STE,1891
LEP,1892
IEU,1895
LER,1896
AGE,1905
ECH,1910
URL,1912
REC,1913
DEV,1913
TIL,1917
LEN,1925
USS,1942
ROU,1954
REP,1958
ENS,1958
ETI,1964
NTI,1966
VER,1972
ESI,1979
LED,1981
LAC,1982
LAP,1993
SIL,1993
TUN,1998
INS,2000
LEC,2003
TRO,2009
ITS,2021
TAN,2032
ENO,2034
QUA,2035
CET,2052
REM,2054
RIE,2084
MON,2115
SPA,2134
BLE,2154
COU,2161
ORT,2166
UTE,2188
VOI,2193
EPO,2195
DUN,2215
SUR,2216
OIS,2220
INT,2226
ILE,2226
ATI,2232
ITL,2234
ETR,2245
UIS,2249
NSL,2257
EUN,2273
RET,2287
AIR,2293
SSI,2314
TRA,2314
RED,2318
FAI,2336
SLA,2343
TEL,2346
ILS,2386
LUI,2388
REL,2401
IER,2404
ETE,2428
EIL,2434
ASS,2438
ISA,2461
AUT,2467
LEU,2500
TLA,2501
NAI,2504
ITA,2514
SER,2518
NOU,2519
LUS,2528
TIO,2530
PRE,2537
DEM,2538
RAN,2539
ENC,2544
ERS,2549
PLU,2553
TER,2573
AVE,2595
MES,2602
OIR,2603
NTS,2658
ENA,2659
RDE,2666
SAN,2668
ISE,2670
SOU,2676
ITP,2700
DEC,2708
RLE,2710
LEM,2763
TPA,2770
ETT,2782
NCE,2788
ERA,2836
URS,2876
SET,2876
ENE,2888
NTR,2890
TES,2894
ISS,2925
AIN,2981
ESC,3004
OND,3027
CES,3037
NTL,3040
OUV,3042
EUX,3049
SSA,3067
NTA,3083
EAU,3093
EPA,3097
ITD,3102
NTD,3117
TTE,3127
SES,3152
NES,3169
EMA,3171
NNE,3184
UIL,3197
ESO,3248
AND,3270
URE,3311
CHA,3358
ESP,3362
TQU,3364
SAI,3367
SEN,3413
ETA,3414
ONS,3415
ECE,3427
CON,3430
END,3460
ECO,3466
NDE,3479
EET,3521
OUT,3540
INE,3557
OMM,3578
ITE,3578
ONN,3647
COM,3682
LAI,3690
ESS,3718
TLE,3732
ESD,3759
CHE,3795
REN,3807
SLE,3814
SON,3836
ION,3873
ONT,3873
ILL,3897
MAI,4015
POU,4072
TOU,4092
DAN,4181
ESA,4206
PAS,4258
AIE,4467
TEN,4475
UEL,4655
RAI,4690
ERE,4719
DEL,4764
ANS,4771
OUS,4840
EST,4869
IRE,4917
AVA,5046
SSE,5174
ELE,5219
ESE,5225
SQU,5395
PAR,5460
NTE,5462
EUR,5488
EME,5534
TDE,5590
EQU,5707
SDE,5807
MEN,5837
MME,5886
VAI,5928
UNE,6049
RES,6239
ELA,6355
QUI,6639
TAI,6743
ELL,6773
OUR,6829
TRE,7114
IEN,7746
ANT,7904
AIS,8239
EDE,8269
DES,8447
LLE,10144
LES,11689
QUE,12506
ENT,16325
AIT,17599
